ticker,market
A,nyse
AA,nyse
AACB,nasdaq
AACG,nasdaq
AACI,nasdaq
AACIU,nasdaq
AACIW,nasdaq
AACO,nasdaq
AACOU,nasdaq
AACPU,nasdaq
AAEQ,nasdaq
AAL,nasdaq
AAME,nasdaq
AAMI,nyse
AAOI,nasdaq
AAON,nasdaq
AAP,nyse
AAPG,nasdaq
AAPL,nasdaq
AAPW,nyse
AARD,nasdaq
AAT,nyse
AAUC,nyse
AB,nyse
ABAT,nasdaq
ABBV,nyse
ABCB,nasdaq
ABCL,nasdaq
ABEO,nasdaq
ABEV,nyse
ABFL,nyse
ABG,nyse
ABLD,nyse
ABLG,nyse
ABLS,nyse
ABLV,nasdaq
ABLVW,nasdaq
ABM,nyse
ABNB,nasdaq
ABNG,nasdaq
ABOS,nasdaq
ABOT,nyse
ABR,nyse
ABR-PD,nyse
ABR-PE,nyse
ABR-PF,nyse
ABSI,nasdaq
ABT,nyse
ABTC,nasdaq
ABTS,nasdaq
ABUF,nyse
ABUS,nasdaq
ABVC,nasdaq
ABVX,nasdaq
ABX,nasdaq
ABXB,nyse
ABXL,nasdaq
ACA,nyse
ACAD,nasdaq
ACB,nasdaq
ACCL,nasdaq
ACCO,nyse
ACCS,nysemkt
ACDC,nasdaq
ACEI,nyse
ACEL,nyse
ACEP,nasdaq
ACET,nasdaq
ACFN,nasdaq
ACGCU,nasdaq
ACGL,nasdaq
ACGLN,nasdaq
ACGLO,nasdaq
ACGR,nyse
ACH,nyse
ACHC,nasdaq
ACHR,nyse
ACHV,nasdaq
ACI,nyse
ACIC,nasdaq
ACII,nyse
ACIU,nasdaq
ACIW,nasdaq
ACKY,nyse
ACLC,nyse
ACLO,nyse
ACLS,nasdaq
ACLX,nasdaq
ACM,nyse
ACMR,nasdaq
ACN,nyse
ACNB,nasdaq
ACNT,nasdaq
ACOG,nasdaq
ACON,nasdaq
ACONW,nasdaq
ACP,nyse
ACP-PA,nyse
ACR,nyse
ACR-PC,nyse
ACR-PD,nyse
ACRE,nyse
ACRS,nasdaq
ACRV,nasdaq
ACT,nasdaq
ACTG,nasdaq
ACTS,nyse
ACTU,nasdaq
ACU,nysemkt
ACV,nyse
ACVA,nyse
ACVT,nyse
ACVU,nyse
ACXP,nasdaq
ACYN,nyse
AD,nyse
ADAC,nasdaq
ADACU,nasdaq
ADAG,nasdaq
ADAM,nasdaq
ADAMG,nasdaq
ADAMH,nasdaq
ADAMI,nasdaq
ADAML,nasdaq
ADAMM,nasdaq
ADAMN,nasdaq
ADAMO,nasdaq
ADAMZ,nasdaq
ADBE,nasdaq
ADBU,nyse
ADC,nyse
ADC-PA,nyse
ADCT,nyse
ADEA,nasdaq
ADGM,nasdaq
ADI,nasdaq
ADIL,nasdaq
ADM,nyse
ADMA,nasdaq
ADNT,nyse
ADP,nasdaq
ADPT,nasdaq
ADSE,nasdaq
ADSEW,nasdaq
ADSK,nasdaq
ADT,nyse
ADTN,nasdaq
ADTX,nasdaq
ADUR,nasdaq
ADUS,nasdaq
ADV,nasdaq
ADVB,nasdaq
ADX,nyse
ADXN,nasdaq
AEAQ,nasdaq
AEAQU,nasdaq
AEBI,nasdaq
AEC,nasdaq
AEE,nyse
AEF,nysemkt
AEFC,nyse
AEG,nyse
AEHL,nasdaq
AEHR,nasdaq
AEI,nasdaq
AEIS,nasdaq
AEM,nyse
AEMD,nasdaq
AENT,nasdaq
AENTW,nasdaq
AEO,nyse
AEON,nysemkt
AEP,nasdaq
AER,nyse
AERT,nasdaq
AERTW,nasdaq
AES,nyse
AESI,nyse
AEVA,nasdaq
AEXA,nyse
AEYE,nasdaq
AFB,nyse
AFBI,nasdaq
AFCG,nasdaq
AFG,nyse
AFGB,nyse
AFGC,nyse
AFGD,nyse
AFGE,nyse
AFJK,nasdaq
AFJKU,nasdaq
AFL,nyse
AFRI,nasdaq
AFRIW,nasdaq
AFRM,nasdaq
AFYA,nasdaq
AG,nyse
AGBK,nasdaq
AGCC,nasdaq
AGCO,nyse
AGEN,nasdaq
AGGS,nyse
AGI,nyse
AGIG,nysemkt
AGIO,nasdaq
AGIQ,nyse
AGL,nyse
AGM,nyse
AGM-A,nyse
AGM-PD,nyse
AGM-PE,nyse
AGM-PF,nyse
AGM-PG,nyse
AGMB,nasdaq
AGMH,nasdaq
AGNC,nasdaq
AGNCL,nasdaq
AGNCM,nasdaq
AGNCN,nasdaq
AGNCO,nasdaq
AGNCP,nasdaq
AGNCZ,nasdaq
AGNT,nasdaq
AGO,nyse
AGPU,nasdaq
AGRO,nyse
AGRZ,nasdaq
AGX,nyse
AGYS,nasdaq
AHCO,nasdaq
AHG,nasdaq
AHL-PD,nyse
AHL-PE,nyse
AHL-PF,nyse
AHMA,nasdaq
AHR,nyse
AHRT,nyse
AHT,nyse
AHT-PD,nyse
AHT-PF,nyse
AHT-PG,nyse
AHT-PH,nyse
AHT-PI,nyse
AI,nyse
AIAI,nasdaq
AIB,nyse
AIBD,nyse
AIBU,nyse
AIDX,nasdaq
AIFC,nasdaq
AIFF,nasdaq
AIFU,nasdaq
AIG,nyse
AIHS,nasdaq
AII,nyse
AIIO,nasdaq
AIIOW,nasdaq
AIM,nysemkt
AIMD,nasdaq
AIMS,nasdaq
AIN,nyse
AINT,nyse
AIO,nyse
AIOS,nasdaq
AIOT,nasdaq
AIP,nasdaq
AIR,nyse
AIRE,nasdaq
AIRG,nasdaq
AIRI,nysemkt
AIRJ,nasdaq
AIRJW,nasdaq
AIRO,nasdaq
AIRS,nasdaq
AIRT,nasdaq
AIRTP,nasdaq
AIS,nyse
AISP,nasdaq
AISPW,nasdaq
AIT,nyse
AIUP,nyse
AIV,nyse
AIXC,nasdaq
AIXI,nasdaq
AIZ,nyse
AIZN,nyse
AJG,nyse
AJUL,nyse
AKA,nyse
AKAM,nasdaq
AKAN,nasdaq
AKBA,nasdaq
AKO-A,nyse
AKO-B,nyse
AKR,nyse
AKRE,nyse
AKTS,nasdaq
AKTX,nasdaq
ALAB,nasdaq
ALAR,nasdaq
ALB,nyse
ALB-PA,nyse
ALBG,nasdaq
ALBT,nasdaq
ALC,nyse
ALCO,nasdaq
ALDF,nasdaq
ALDX,nasdaq
ALEC,nasdaq
ALF,nasdaq
ALFUU,nasdaq
ALFUW,nasdaq
ALG,nyse
ALGM,nasdaq
ALGN,nasdaq
ALGS,nasdaq
ALGT,nasdaq
ALH,nyse
ALHC,nasdaq
ALIS,nasdaq
ALIT,nyse
ALK,nyse
ALKS,nasdaq
ALKT,nasdaq
ALL,nyse
ALL-PB,nyse
ALL-PH,nyse
ALL-PI,nyse
ALL-PJ,nyse
ALLE,nyse
ALLO,nasdaq
ALLR,nasdaq
ALLT,nasdaq
ALLY,nyse
ALM,nasdaq
ALMR,nasdaq
ALMS,nasdaq
ALMU,nasdaq
ALNT,nasdaq
ALNY,nasdaq
ALOT,nasdaq
ALOVU,nasdaq
ALOY,nasdaq
ALP,nasdaq
ALPS,nasdaq
ALRM,nasdaq
ALRS,nasdaq
ALSN,nyse
ALT,nasdaq
ALTG,nyse
ALTG-PA,nyse
ALTI,nasdaq
ALTO,nasdaq
ALUB,nyse
ALV,nyse
ALVO,nasdaq
ALX,nyse
ALXO,nasdaq
ALZN,nasdaq
AM,nyse
AMA,nasdaq
AMAL,nasdaq
AMAT,nasdaq
AMBA,nasdaq
AMBO,nysemkt
AMBP,nyse
AMBQ,nyse
AMBR,nasdaq
AMC,nyse
AMCI,nasdaq
AMCR,nyse
AMCX,nasdaq
AMD,nasdaq
AME,nyse
AMG,nyse
AMGN,nasdaq
AMH,nyse
AMH-PG,nyse
AMH-PH,nyse
AMIX,nasdaq
AMJB,nyse
AMKR,nasdaq
AMLX,nasdaq
AMN,nyse
AMOD,nasdaq
AMODW,nasdaq
AMP,nyse
AMPG,nasdaq
AMPH,nasdaq
AMPL,nasdaq
AMPX,nyse
AMPY,nyse
AMR,nyse
AMRC,nyse
AMRN,nasdaq
AMRX,nasdaq
AMRZ,nyse
AMS,nysemkt
AMSC,nasdaq
AMSF,nasdaq
AMST,nasdaq
AMT,nyse
AMTB,nyse
AMTD,nyse
AMTM,nyse
AMTX,nasdaq
AMUN,nasdaq
AMWL,nyse
AMX,nyse
AMYY,nasdaq
AMZE,nysemkt
AMZN,nasdaq
AMZW,nyse
AN,nyse
ANAB,nasdaq
ANDE,nasdaq
ANDG,nyse
ANEB,nasdaq
ANEL,nasdaq
ANET,nyse
ANF,nyse
ANG-PD,nyse
ANGH,nasdaq
ANGHW,nasdaq
ANGI,nasdaq
ANGO,nasdaq
ANGX,nyse
ANIK,nasdaq
ANIP,nasdaq
ANIX,nasdaq
ANL,nasdaq
ANNA,nasdaq
ANNAW,nasdaq
ANNX,nasdaq
ANPA,nasdaq
ANRO,nyse
ANTA,nasdaq
ANTX,nasdaq
ANV,nasdaq
ANVS,nysemkt
ANY,nasdaq
AOCT,nyse
AOMN,nyse
AOMR,nyse
AON,nyse
AORT,nyse
AOS,nyse
AOSL,nasdaq
AOTS,nyse
AOUT,nasdaq
AP,nyse
APA,nasdaq
APAC,nasdaq
APACU,nasdaq
APADU,nasdaq
APAM,nyse
APC,nasdaq
APD,nyse
APDB,nyse
APEI,nasdaq
APG,nyse
APGE,nasdaq
APH,nyse
API,nasdaq
APLD,nasdaq
APLE,nyse
APLM,nasdaq
APLS,nasdaq
APLX,nyse
APM,nasdaq
APO,nyse
APO-PA,nyse
APOC,nyse
APOG,nasdaq
APOS,nyse
APP,nasdaq
APPF,nasdaq
APPN,nasdaq
APPS,nasdaq
APRB,nyse
APRE,nasdaq
APT,nysemkt
APTV,nyse
APVO,nasdaq
APWC,nasdaq
APXT,nasdaq
APXTU,nasdaq
APXTW,nasdaq
APYX,nasdaq
AQB,nasdaq
AQLT,nyse
AQMS,nasdaq
AQN,nyse
AQNB,nyse
AQST,nasdaq
AR,nyse
ARAI,nasdaq
ARAY,nasdaq
ARBB,nasdaq
ARBE,nasdaq
ARBEW,nasdaq
ARBK,nasdaq
ARCB,nasdaq
ARCC,nasdaq
ARCI,nasdaq
ARCIU,nasdaq
ARCLU,nasdaq
ARCO,nyse
ARCT,nasdaq
ARDC,nyse
ARDT,nyse
ARDX,nasdaq
ARE,nyse
AREB,nasdaq
AREC,nasdaq
AREN,nysemkt
ARES,nyse
ARES-PB,nyse
ARGX,nasdaq
ARHS,nasdaq
ARI,nyse
ARIS,nysemkt
ARKO,nasdaq
ARKR,nasdaq
ARL,nyse
ARLO,nyse
ARLP,nasdaq
ARM,nasdaq
ARMH,nyse
ARMK,nyse
ARMP,nysemkt
ARMY,nasdaq
AROC,nyse
AROW,nasdaq
ARQ,nasdaq
ARQQ,nasdaq
ARQQW,nasdaq
ARQT,nasdaq
ARR,nyse
ARR-PC,nyse
ARRY,nasdaq
ARTC,nasdaq
ARTL,nasdaq
ARTNA,nasdaq
ARTV,nasdaq
ARTW,nasdaq
ARTY,nyse
ARVN,nasdaq
ARW,nyse
ARWR,nasdaq
ARX,nyse
ARXS,nasdaq
AS,nyse
ASA,nyse
ASAN,nyse
ASB,nyse
ASB-PE,nyse
ASB-PF,nyse
ASBA,nyse
ASBP,nasdaq
ASBPW,nasdaq
ASC,nyse
ASCE,nyse
ASCI,nasdaq
ASG,nyse
ASGI,nyse
ASGM,nyse
ASH,nyse
ASIC,nyse
ASIX,nyse
ASLE,nasdaq
ASM,nysemkt
ASMB,nasdaq
ASMF,nyse
ASMH,nyse
ASML,nasdaq
ASMU,nasdaq
ASND,nasdaq
ASNS,nasdaq
ASO,nasdaq
ASPC,nasdaq
ASPCU,nasdaq
ASPI,nasdaq
ASPN,nyse
ASPS,nasdaq
ASPSW,nasdaq
ASPSZ,nasdaq
ASR,nyse
ASRV,nasdaq
ASST,nasdaq
ASTC,nasdaq
ASTE,nasdaq
ASTH,nasdaq
ASTI,nasdaq
ASTLW,nasdaq
ASTS,nasdaq
ASUR,nasdaq
ASX,nyse
ASYS,nasdaq
ATAI,nasdaq
ATAT,nasdaq
ATC,nasdaq
ATCH,nysemkt
ATCL,nyse
ATCX,nasdaq
ATEC,nasdaq
ATEN,nyse
ATER,nasdaq
ATEX,nasdaq
ATGL,nasdaq
ATH-PA,nyse
ATH-PB,nyse
ATH-PD,nyse
ATH-PE,nyse
ATHE,nasdaq
ATHM,nyse
ATHR,nasdaq
ATHS,nyse
ATI,nyse
ATII,nasdaq
ATIIW,nasdaq
ATKR,nyse
ATLC,nasdaq
ATLCL,nasdaq
ATLCP,nasdaq
ATLCZ,nasdaq
ATLN,nasdaq
ATLO,nasdaq
ATLX,nasdaq
ATMU,nyse
ATNI,nasdaq
ATNM,nysemkt
ATO,nyse
ATOM,nasdaq
ATOS,nasdaq
ATPC,nasdaq
ATR,nyse
ATRA,nasdaq
ATRC,nasdaq
ATRO,nasdaq
ATS,nyse
ATXG,nasdaq
ATYR,nasdaq
AU,nyse
AUAU,nyse
AUB,nyse
AUB-PA,nyse
AUBN,nasdaq
AUDC,nasdaq
AUGM,nyse
AUGO,nasdaq
AUGP,nyse
AUGU,nyse
AUID,nasdaq
AUNA,nyse
AUPH,nasdaq
AUR,nasdaq
AURA,nasdaq
AURE,nasdaq
AUROW,nasdaq
AUSM,nyse
AUST,nysemkt
AUTL,nasdaq
AUUD,nasdaq
AVA,nyse
AVAH,nasdaq
AVAL,nyse
AVAV,nasdaq
AVB,nyse
AVBC,nyse
AVBH,nasdaq
AVBP,nasdaq
AVD,nyse
AVEX,nyse
AVGO,nasdaq
AVIR,nasdaq
AVK,nyse
AVLN,nasdaq
AVNS,nyse
AVNT,nyse
AVNW,nasdaq
AVO,nasdaq
AVOS,nasdaq
AVPT,nasdaq
AVR,nasdaq
AVT,nasdaq
AVTM,nyse
AVTR,nyse
AVTX,nasdaq
AVX,nasdaq
AVXL,nasdaq
AVXX,nasdaq
AVY,nyse
AWF,nyse
AWI,nyse
AWK,nyse
AWR,nyse
AWRE,nasdaq
AWX,nysemkt
AX,nyse
AXG,nasdaq
AXGN,nasdaq
AXIA,nyse
AXIL,nysemkt
AXIN,nasdaq
AXINU,nasdaq
AXON,nasdaq
AXP,nyse
AXPG,nasdaq
AXR,nyse
AXS,nyse
AXS-PE,nyse
AXSM,nasdaq
AXTA,nyse
AXTI,nasdaq
AYA,nasdaq
AYI,nyse
AYTU,nasdaq
AZ,nasdaq
AZI,nasdaq
AZN,nasdaq
AZO,nyse
AZTA,nasdaq
AZTR,nysemkt
AZYY,nasdaq
AZZ,nyse
B,nyse
BA,nyse
BA-PA,nyse
BABA,nyse
BABO,nyse
BABU,nasdaq
BAC,nyse
BAC-PB,nyse
BAC-PE,nyse
BAC-PK,nyse
BAC-PL,nyse
BAC-PM,nyse
BAC-PN,nyse
BAC-PO,nyse
BAC-PP,nyse
BAC-PQ,nyse
BAC-PS,nyse
BACC,nasdaq
BACCU,nasdaq
BAER,nasdaq
BAERW,nasdaq
BAFN,nasdaq
BAH,nyse
BAI,nyse
BAIV,nasdaq
BAK,nyse
BALL,nyse
BALQ,nasdaq
BALY,nyse
BAM,nyse
BANC,nyse
BANC-PF,nyse
BAND,nasdaq
BANF,nasdaq
BANFP,nasdaq
BANL,nasdaq
BANR,nasdaq
BANX,nasdaq
BAOS,nasdaq
BAP,nyse
BARK,nyse
BATL,nysemkt
BATRA,nasdaq
BATRK,nasdaq
BAX,nyse
BB,nyse
BBAI,nyse
BBAR,nyse
BBB,nasdaq
BBBY,nyse
BBCP,nasdaq
BBCQ,nasdaq
BBCQW,nasdaq
BBD,nyse
BBDC,nyse
BBDO,nyse
BBGI,nasdaq
BBIO,nasdaq
BBLG,nasdaq
BBN,nyse
BBNX,nasdaq
BBOT,nasdaq
BBSI,nasdaq
BBT,nyse
BBUC,nyse
BBVA,nyse
BBW,nyse
BBWI,nyse
BBY,nyse
BBYY,nasdaq
BC,nyse
BCAB,nasdaq
BCAL,nasdaq
BCAR,nasdaq
BCARU,nasdaq
BCARW,nasdaq
BCAT,nyse
BCAX,nasdaq
BCBP,nasdaq
BCC,nyse
BCDA,nasdaq
BCE,nyse
BCFN,nasdaq
BCG,nasdaq
BCGD,nyse
BCH,nyse
BCHI,nyse
BCHT,nysemkt
BCIC,nasdaq
BCIL,nyse
BCML,nasdaq
BCO,nyse
BCOR,nyse
BCPC,nasdaq
BCPL,nyse
BCRX,nasdaq
BCS,nyse
BCSF,nyse
BCSM,nyse
BCTK,nasdaq
BCTX,nasdaq
BCTXZ,nasdaq
BCV,nysemkt
BCV-PA,nysemkt
BCYC,nasdaq
BDBT,nyse
BDC,nyse
BDCI,nasdaq
BDCIU,nasdaq
BDIV,nyse
BDJ,nyse
BDL,nysemkt
BDMD,nasdaq
BDN,nyse
BDRX,nasdaq
BDSX,nasdaq
BDTX,nasdaq
BDVL,nasdaq
BDX,nyse
BDYN,nasdaq
BE,nyse
BEAG,nasdaq
BEAM,nasdaq
BEAT,nasdaq
BEATW,nasdaq
BEDY,nasdaq
BEEM,nasdaq
BEEP,nasdaq
BEG,nasdaq
BEGS,nyse
BEKE,nyse
BELFA,nasdaq
BELFB,nasdaq
BEN,nyse
BENF,nasdaq
BENFW,nasdaq
BEP,nyse
BEP-PA,nyse
BEPC,nyse
BEPH,nyse
BEPI,nyse
BEPJ,nyse
BESO,nasdaq
BESS,nysemkt
BETA,nyse
BETR,nasdaq
BETRW,nasdaq
BF-A,nyse
BF-B,nyse
BFAM,nyse
BFC,nasdaq
BFH,nyse
BFJL,nyse
BFLY,nyse
BFOC,nyse
BFRG,nasdaq
BFRI,nasdaq
BFRIW,nasdaq
BFS,nyse
BFS-PD,nyse
BFS-PE,nyse
BFST,nasdaq
BG,nyse
BGB,nyse
BGC,nasdaq
BGDE,nasdaq
BGDV,nyse
BGH,nyse
BGI,nysemkt
BGIN,nasdaq
BGL,nasdaq
BGLC,nasdaq
BGLWW,nasdaq
BGM,nasdaq
BGMS,nasdaq
BGMSP,nasdaq
BGR,nyse
BGS,nyse
BGSF,nyse
BGSI,nyse
BGT,nyse
BGX,nyse
BGY,nyse
BH,nyse
BH-A,nyse
BHATF,nasdaq
BHAV,nasdaq
BHB,nysemkt
BHC,nyse
BHDG,nasdaq
BHE,nyse
BHF,nasdaq
BHFAL,nasdaq
BHFAM,nasdaq
BHFAN,nasdaq
BHFAO,nasdaq
BHFAP,nasdaq
BHK,nyse
BHM,nysemkt
BHP,nyse
BHR,nyse
BHR-PB,nyse
BHR-PD,nyse
BHRB,nasdaq
BHST,nasdaq
BHV,nysemkt
BHVN,nyse
BHYP,nyse
BIAF,nasdaq
BIDD,nyse
BIDG,nasdaq
BIDU,nasdaq
BIIB,nasdaq
BIII,nyse
BILI,nasdaq
BILL,nyse
BINT,nyse
BIO,nyse
BIOA,nasdaq
BIOX,nasdaq
BIOY,nasdaq
BIP,nyse
BIP-PA,nyse
BIP-PB,nyse
BIPC,nyse
BIPH,nyse
BIPI,nyse
BIPJ,nyse
BIRD,nasdaq
BIRK,nyse
BIVI,nasdaq
BIVIW,nasdaq
BIXI,nasdaq
BIXIU,nasdaq
BIXIW,nasdaq
BIYA,nasdaq
BJ,nyse
BJDX,nasdaq
BJRI,nasdaq
BKCG,nyse
BKD,nyse
BKE,nyse
BKFI,nyse
BKH,nyse
BKHA,nasdaq
BKHAU,nasdaq
BKKT,nyse
BKMI,nasdaq
BKMS,nasdaq
BKNG,nasdaq
BKR,nasdaq
BKSY,nyse
BKT,nyse
BKTI,nysemkt
BKU,nyse
BKV,nyse
BKYI,nasdaq
BL,nasdaq
BLBD,nasdaq
BLCO,nyse
BLD,nyse
BLDP,nasdaq
BLDR,nyse
BLDX,nyse
BLFS,nasdaq
BLGR,nyse
BLIN,nasdaq
BLIV,nasdaq
BLK,nyse
BLKB,nasdaq
BLLN,nasdaq
BLMN,nasdaq
BLND,nyse
BLNE,nasdaq
BLNK,nasdaq
BLOX,nyse
BLRK,nasdaq
BLRKU,nasdaq
BLRX,nasdaq
BLSG,nasdaq
BLSH,nyse
BLST,nyse
BLTD,nyse
BLTE,nasdaq
BLUC,nyse
BLUI,nyse
BLUW,nasdaq
BLUWW,nasdaq
BLUX,nyse
BLW,nyse
BLX,nyse
BLZE,nasdaq
BLZR,nasdaq
BLZRU,nasdaq
BMA,nyse
BMBL,nasdaq
BME,nyse
BMEA,nasdaq
BMEZ,nyse
BMGL,nasdaq
BMHL,nasdaq
BMI,nyse
BML-PG,nyse
BML-PH,nyse
BML-PJ,nyse
BML-PL,nyse
BMM,nasdaq
BMN,nyse
BMNG,nasdaq
BMNR,nysemkt
BMO,nyse
BMOP,nasdaq
BMR,nasdaq
BMRA,nasdaq
BMRC,nasdaq
BMRN,nasdaq
BMY,nyse
BN,nyse
BNAI,nasdaq
BNAIW,nasdaq
BNBX,nasdaq
BNC,nasdaq
BNCWW,nasdaq
BNDP,nasdaq
BNDS,nyse
BNDY,nyse
BNED,nyse
BNGO,nasdaq
BNH,nyse
BNJ,nyse
BNKK,nasdaq
BNL,nyse
BNR,nasdaq
BNRG,nasdaq
BNS,nyse
BNT,nyse
BNTC,nasdaq
BNTX,nasdaq
BNZI,nasdaq
BNZIW,nasdaq
BOBP,nyse
BOBS,nyse
BOC,nyse
BODI,nasdaq
BOF,nasdaq
BOH,nyse
BOH-PA,nyse
BOH-PB,nyse
BOKF,nasdaq
BOLD,nasdaq
BOLT,nasdaq
BON,nasdaq
BOOM,nasdaq
BOOT,nyse
BORR,nyse
BOSC,nasdaq
BOT,nasdaq
BOTJ,nasdaq
BOW,nyse
BOX,nyse
BOXA,nyse
BOXL,nasdaq
BP,nyse
BPACU,nasdaq
BPH,nyse
BPI,nyse
BPOP,nasdaq
BPOPM,nasdaq
BPRE,nyse
BPRN,nasdaq
BPRO,nyse
BPYPM,nasdaq
BPYPN,nasdaq
BPYPO,nasdaq
BPYPP,nasdaq
BQ,nysemkt
BR,nyse
BRAG,nasdaq
BRAI,nasdaq
BRBI,nasdaq
BRBR,nyse
BRBS,nysemkt
BRC,nyse
BRCB,nasdaq
BRCC,nyse
BRCE,nyse
BREE,nyse
BREM,nasdaq
BRES,nasdaq
BRFH,nasdaq
BRIA,nysemkt
BRIB,nyse
BRID,nasdaq
BRIE,nyse
BRIF,nyse
BRK-A,nyse
BRK-B,nyse
BRKC,nyse
BRKR,nasdaq
BRKRP,nasdaq
BRLS,nasdaq
BRLSW,nasdaq
BRLT,nasdaq
BRN,nysemkt
BRNS,nasdaq
BRO,nyse
BROS,nyse
BRR,nasdaq
BRRWW,nasdaq
BRSL,nyse
BRSP,nyse
BRT,nyse
BRTX,nasdaq
BRUN,nasdaq
BRW,nyse
BRX,nyse
BRZE,nasdaq
BSAA,nasdaq
BSAAU,nasdaq
BSAC,nyse
BSBK,nasdaq
BSBR,nyse
BSET,nasdaq
BSL,nyse
BSM,nyse
BSMZ,nasdaq
BSOL,nyse
BSRR,nasdaq
BST,nyse
BSTZ,nyse
BSVN,nasdaq
BSX,nyse
BSY,nasdaq
BTAI,nasdaq
BTBD,nasdaq
BTBT,nasdaq
BTC,nyse
BTCC,nyse
BTCI,nyse
BTCL,nyse
BTCS,nasdaq
BTCT,nasdaq
BTCZ,nyse
BTDR,nasdaq
BTE,nyse
BTG,nysemkt
BTGO,nyse
BTI,nyse
BTMD,nasdaq
BTO,nyse
BTOC,nasdaq
BTOG,nasdaq
BTOT,nyse
BTQ,nasdaq
BTSG,nasdaq
BTSGU,nasdaq
BTT,nyse
BTTC,nasdaq
BTU,nyse
BTX,nyse
BTYB,nyse
BTZ,nyse
BUD,nyse
BUDA,nyse
BUFE,nyse
BUFP,nyse
BUFS,nyse
BUFY,nyse
BUI,nyse
BULL,nasdaq
BULLW,nasdaq
BULX,nasdaq
BUR,nyse
BURL,nyse
BURU,nysemkt
BUSE,nasdaq
BUSEP,nasdaq
BUUU,nasdaq
BUYB,nyse
BUYO,nyse
BV,nyse
BVAL,nyse
BVC,nasdaq
BVFL,nasdaq
BVN,nyse
BVS,nasdaq
BW,nyse
BW-PA,nyse
BWA,nyse
BWAY,nasdaq
BWB,nasdaq
BWBBP,nasdaq
BWEN,nasdaq
BWFG,nasdaq
BWG,nyse
BWIN,nasdaq
BWIV,nyse
BWLP,nyse
BWMN,nasdaq
BWMX,nyse
BWNB,nyse
BWXT,nyse
BX,nyse
BXC,nyse
BXDC,nyse
BXMT,nyse
BXP,nyse
BXSL,nyse
BY,nyse
BYAH,nasdaq
BYD,nyse
BYFC,nasdaq
BYND,nasdaq
BYRN,nasdaq
BYSI,nasdaq
BZ,nasdaq
BZAI,nasdaq
BZAIW,nasdaq
BZFD,nasdaq
BZFDW,nasdaq
BZH,nyse
BZUN,nasdaq
C,nyse
C-PN,nyse
CAAP,nyse
CAAS,nasdaq
CABA,nasdaq
CABO,nyse
CABR,nasdaq
CAC,nasdaq
CACC,nasdaq
CACI,nyse
CADL,nasdaq
CAE,nyse
CAEP,nasdaq
CAF,nyse
CAFX,nyse
CAG,nyse
CAH,nyse
CAI,nasdaq
CAIE,nyse
CAIIU,nasdaq
CAIQ,nasdaq
CAKE,nasdaq
CAL,nyse
CALC,nasdaq
CALM,nasdaq
CALX,nyse
CALY,nyse
CAMP,nasdaq
CAMT,nasdaq
CAN,nasdaq
CANF,nysemkt
CANG,nyse
CAPL,nyse
CAPN,nasdaq
CAPNR,nasdaq
CAPR,nasdaq
CAPS,nasdaq
CAQ,nasdaq
CAQUU,nasdaq
CAR,nasdaq
CARD,nyse
CARE,nasdaq
CARG,nasdaq
CARL,nasdaq
CARR,nyse
CARS,nyse
CART,nasdaq
CAS,nyse
CASH,nasdaq
CASS,nasdaq
CAST,nasdaq
CASY,nasdaq
CAT,nyse
CATF,nyse
CATO,nyse
CATX,nysemkt
CATY,nasdaq
CAVA,nyse
CB,nyse
CBAN,nasdaq
CBAT,nasdaq
CBC,nasdaq
CBFV,nasdaq
CBIO,nasdaq
CBK,nasdaq
CBL,nyse
CBLL,nasdaq
CBNA,nyse
CBNK,nasdaq
CBOE,nyse
CBRE,nyse
CBRL,nasdaq
CBRS,nasdaq
CBSH,nasdaq
CBT,nyse
CBTJ,nyse
CBU,nyse
CBUS,nasdaq
CBXJ,nyse
CBZ,nyse
CC,nyse
CCAP,nasdaq
CCB,nasdaq
CCBG,nasdaq
CCC,nasdaq
CCCC,nasdaq
CCD,nasdaq
CCEC,nasdaq
CCEL,nysemkt
CCEP,nasdaq
CCG,nasdaq
CCGWW,nasdaq
CCHH,nasdaq
CCI,nyse
CCIF,nyse
CCII,nasdaq
CCIIU,nasdaq
CCIIW,nasdaq
CCIX,nasdaq
CCIXW,nasdaq
CCJ,nyse
CCK,nyse
CCL,nyse
CCLD,nasdaq
CCM,nyse
CCNE,nasdaq
CCNEP,nasdaq
CCO,nyse
CCOI,nasdaq
CCOM,nyse
CCRN,nasdaq
CCS,nyse
CCSI,nasdaq
CCTG,nasdaq
CCU,nyse
CCXI,nasdaq
CCXIU,nasdaq
CD,nasdaq
CDE,nyse
CDIG,nasdaq
CDIO,nasdaq
CDIOW,nasdaq
CDLR,nyse
CDLX,nasdaq
CDNA,nasdaq
CDNL,nasdaq
CDNS,nasdaq
CDP,nyse
CDR-PB,nyse
CDR-PC,nyse
CDRE,nyse
CDRO,nasdaq
CDROW,nasdaq
CDT,nasdaq
CDTG,nasdaq
CDTTW,nasdaq
CDW,nasdaq
CDXS,nasdaq
CDZI,nasdaq
CDZIP,nasdaq
CE,nyse
CECO,nasdaq
CEE,nyse
CEF,nyse
CEG,nasdaq
CELC,nasdaq
CELH,nasdaq
CELU,nasdaq
CELUW,nasdaq
CELZ,nasdaq
CENN,nasdaq
CENT,nasdaq
CENTA,nasdaq
CENX,nasdaq
CEPF,nasdaq
CEPO,nasdaq
CEPS,nasdaq
CEPT,nasdaq
CEPU,nyse
CEPV,nasdaq
CERS,nasdaq
CERT,nasdaq
CERY,nyse
CET,nysemkt
CETX,nasdaq
CETY,nasdaq
CEV,nysemkt
CEVA,nasdaq
CF,nyse
CFBK,nasdaq
CFFI,nasdaq
CFFN,nasdaq
CFG,nyse
CFG-PE,nyse
CFG-PH,nyse
CFND,nyse
CFR,nyse
CFR-PB,nyse
CG,nasdaq
CGABL,nasdaq
CGAU,nyse
CGBD,nasdaq
CGC,nasdaq
CGCT,nasdaq
CGCTU,nasdaq
CGCTW,nasdaq
CGCV,nyse
CGEM,nasdaq
CGEN,nasdaq
CGGE,nyse
CGGG,nyse
CGHM,nyse
CGHY,nyse
CGIB,nyse
CGIC,nyse
CGMM,nyse
CGNG,nyse
CGNT,nasdaq
CGNX,nasdaq
CGO,nasdaq
CGON,nasdaq
CGTL,nasdaq
CGTX,nasdaq
CGUI,nyse
CGVV,nyse
CHA,nasdaq
CHAI,nasdaq
CHAR,nasdaq
CHCI,nasdaq
CHCO,nasdaq
CHCT,nyse
CHD,nyse
CHDN,nasdaq
CHE,nyse
CHEC,nasdaq
CHECW,nasdaq
CHEF,nasdaq
CHGG,nyse
CHH,nyse
CHI,nasdaq
CHKP,nasdaq
CHMG,nasdaq
CHMI,nyse
CHMI-PA,nyse
CHMI-PB,nyse
CHNR,nasdaq
CHOW,nyse
CHPG,nasdaq
CHPT,nyse
CHPX,nasdaq
CHPY,nyse
CHR,nasdaq
CHRD,nasdaq
CHRI,nasdaq
CHRN,nasdaq
CHRS,nasdaq
CHRW,nasdaq
CHSCL,nasdaq
CHSCM,nasdaq
CHSCN,nasdaq
CHSCO,nasdaq
CHSCP,nasdaq
CHSN,nasdaq
CHT,nyse
CHTR,nasdaq
CHW,nasdaq
CHWY,nyse
CHY,nasdaq
CHYM,nasdaq
CI,nyse
CIA,nyse
CIB,nyse
CICB,nyse
CIEN,nyse
CIF,nyse
CIFG,nasdaq
CIFR,nasdaq
CIG,nyse
CIG-C,nyse
CIGI,nasdaq
CII,nyse
CIIT,nasdaq
CIK,nysemkt
CIM,nyse
CIM-PA,nyse
CIM-PB,nyse
CIM-PC,nyse
CIM-PD,nyse
CIMN,nyse
CIMO,nyse
CINF,nasdaq
CING,nasdaq
CINGW,nasdaq
CINT,nyse
CION,nyse
CISO,nasdaq
CISS,nasdaq
CIVB,nasdaq
CIX,nysemkt
CJMB,nasdaq
CKX,nysemkt
CL,nyse
CLAR,nasdaq
CLB,nyse
CLBK,nasdaq
CLBR,nyse
CLBT,nasdaq
CLCG,nyse
CLCV,nyse
CLDI,nysemkt
CLDT,nyse
CLDT-PA,nyse
CLDX,nasdaq
CLF,nyse
CLFD,nasdaq
CLGN,nasdaq
CLH,nyse
CLIK,nasdaq
CLIM,nyse
CLIR,nasdaq
CLLS,nasdaq
CLM,nysemkt
CLMB,nasdaq
CLMT,nasdaq
CLNE,nasdaq
CLNK,nyse
CLNN,nasdaq
CLOB,nyse
CLOC,nyse
CLOV,nasdaq
CLPR,nyse
CLPS,nasdaq
CLPT,nasdaq
CLRB,nasdaq
CLRO,nasdaq
CLS,nyse
CLSK,nasdaq
CLSKW,nasdaq
CLST,nasdaq
CLVT,nyse
CLW,nyse
CLWT,nasdaq
CLX,nyse
CLYM,nasdaq
CM,nyse
CMBMF,nasdaq
CMBO,nasdaq
CMBT,nyse
CMC,nyse
CMCL,nysemkt
CMCM,nyse
CMCO,nasdaq
CMCSA,nasdaq
CMCT,nasdaq
CME,nasdaq
CMG,nyse
CMGG,nasdaq
CMI,nyse
CMII,nasdaq
CMMB,nasdaq
CMND,nasdaq
CMP,nyse
CMPR,nasdaq
CMPS,nasdaq
CMPX,nasdaq
CMRC,nasdaq
CMRE,nyse
CMRE-PB,nyse
CMRE-PC,nyse
CMRE-PD,nyse
CMS,nyse
CMS-PB,nyse
CMS-PC,nyse
CMSA,nyse
CMSC,nyse
CMSD,nyse
CMT,nysemkt
CMTG,nyse
CMTL,nasdaq
CMTV,nasdaq
CNA,nyse
CNAV,nyse
CNC,nyse
CNCG,nasdaq
CNCK,nasdaq
CNCKW,nasdaq
CNDT,nasdaq
CNET,nasdaq
CNEY,nasdaq
CNF,nyse
CNH,nyse
CNI,nyse
CNK,nyse
CNL,nysemkt
CNM,nyse
CNMD,nyse
CNNE,nyse
CNO,nyse
CNOB,nasdaq
CNOBP,nasdaq
CNP,nyse
CNQ,nyse
CNQQ,nasdaq
CNR,nyse
CNS,nyse
CNSP,nasdaq
CNTA,nasdaq
CNTB,nasdaq
CNTN,nasdaq
CNTX,nasdaq
CNTY,nasdaq
CNVS,nasdaq
CNX,nyse
CNXC,nasdaq
CNXN,nasdaq
COAG,nasdaq
COCH,nasdaq
COCHW,nasdaq
COCO,nasdaq
COCP,nasdaq
CODA,nasdaq
CODI,nyse
CODI-PA,nyse
CODI-PB,nyse
CODI-PC,nyse
CODX,nasdaq
COE,nysemkt
COF,nyse
COF-PI,nyse
COF-PJ,nyse
COF-PK,nyse
COF-PL,nyse
COF-PN,nyse
COFS,nasdaq
COGT,nasdaq
COHN,nysemkt
COHR,nyse
COHU,nasdaq
COIA,nyse
COIN,nasdaq
COIW,nyse
COKE,nasdaq
COLA,nasdaq
COLAU,nasdaq
COLB,nasdaq
COLD,nyse
COLL,nasdaq
COLM,nasdaq
COLO,nyse
COMP,nyse
CON,nyse
CONX,nasdaq
COO,nasdaq
COOK,nyse
COOT,nasdaq
COOTW,nasdaq
COP,nyse
COPA,nyse
COPL,nyse
COPY,nyse
COPZ,nyse
COR,nyse
CORD,nyse
CORT,nasdaq
CORZ,nasdaq
CORZW,nasdaq
CORZZ,nasdaq
COSM,nasdaq
COSO,nyse
COST,nasdaq
COTG,nasdaq
COTY,nyse
COUR,nyse
COYA,nasdaq
CP,nyse
CPA,nyse
CPAC,nyse
CPAY,nyse
CPB,nasdaq
CPBI,nasdaq
CPF,nyse
CPHC,nasdaq
CPHI,nysemkt
CPIX,nasdaq
CPK,nyse
CPLB,nyse
CPNG,nyse
CPNJ,nyse
CPNM,nyse
CPNQ,nyse
CPNS,nyse
CPOP,nasdaq
CPRA,nyse
CPRI,nyse
CPRJ,nyse
CPRO,nyse
CPRT,nasdaq
CPRX,nasdaq
CPRY,nyse
CPS,nyse
CPSA,nyse
CPSD,nyse
CPSF,nyse
CPSH,nasdaq
CPSJ,nyse
CPSL,nyse
CPSM,nyse
CPSO,nyse
CPSP,nyse
CPSS,nasdaq
CPST,nyse
CPSU,nyse
CPSY,nyse
CPT,nyse
CPTAF,nasdaq
CPXR,nyse
CPZ,nasdaq
CQP,nysemkt
CR,nyse
CRAC,nasdaq
CRAI,nasdaq
CRAN,nasdaq
CRANU,nasdaq
CRAQ,nasdaq
CRBD,nyse
CRBG,nyse
CRBP,nasdaq
CRBU,nasdaq
CRC,nyse
CRCA,nyse
CRCD,nyse
CRCL,nyse
CRCO,nyse
CRCT,nasdaq
CRD-A,nyse
CRD-B,nyse
CRDF,nasdaq
CRDL,nasdaq
CRDO,nasdaq
CRDU,nyse
CRE,nasdaq
CREG,nasdaq
CRESY,nasdaq
CREX,nasdaq
CRF,nysemkt
CRGO,nasdaq
CRGY,nyse
CRH,nyse
CRI,nyse
CRIS,nasdaq
CRK,nyse
CRL,nyse
CRM,nyse
CRMD,nasdaq
CRML,nasdaq
CRMLW,nasdaq
CRMT,nasdaq
CRMU,nasdaq
CRMX,nyse
CRNC,nasdaq
CRNT,nasdaq
CRNX,nasdaq
CRON,nasdaq
CROX,nasdaq
CRS,nyse
CRSH,nyse
CRSP,nasdaq
CRSR,nasdaq
CRT,nyse
CRTO,nasdaq
CRUS,nasdaq
CRUX,nyse
CRVL,nasdaq
CRVO,nasdaq
CRVS,nasdaq
CRWD,nasdaq
CRWS,nasdaq
CRWV,nasdaq
CRY,nasdaq
CSAI,nasdaq
CSAN,nyse
CSBR,nasdaq
CSCO,nasdaq
CSGP,nasdaq
CSGS,nasdaq
CSHP,nyse
CSHR,nasdaq
CSIO,nyse
CSIQ,nasdaq
CSL,nyse
CSNR,nyse
CSPF,nyse
CSPI,nasdaq
CSQ,nasdaq
CSR,nyse
CSRE,nyse
CSSD,nyse
CSTE,nasdaq
CSTL,nasdaq
CSTM,nyse
CSV,nyse
CSW,nyse
CSWC,nasdaq
CSX,nasdaq
CTA-PA,nyse
CTA-PB,nyse
CTAA,nasdaq
CTAAU,nasdaq
CTAP,nyse
CTAS,nasdaq
CTBB,nyse
CTBI,nasdaq
CTDD,nyse
CTEV,nyse
CTGO,nysemkt
CTKB,nasdaq
CTLP,nasdaq
CTM,nysemkt
CTMX,nasdaq
CTNM,nasdaq
CTNT,nasdaq
CTO,nyse
CTO-PA,nyse
CTOR,nasdaq
CTOS,nyse
CTRE,nyse
CTRI,nyse
CTRM,nasdaq
CTRN,nasdaq
CTS,nyse
CTSH,nasdaq
CTSO,nasdaq
CTVA,nyse
CTW,nasdaq
CTWO,nyse
CTXR,nasdaq
CUB,nasdaq
CUBB,nyse
CUBE,nyse
CUBI,nyse
CUBWU,nasdaq
CUBWW,nasdaq
CUE,nasdaq
CULP,nasdaq
CUPR,nasdaq
CURB,nyse
CURI,nasdaq
CURR,nasdaq
CURV,nyse
CURX,nasdaq
CUSD,nasdaq
CUZ,nyse
CV,nasdaq
CVBF,nasdaq
CVCO,nasdaq
CVE,nyse
CVEO,nyse
CVGI,nasdaq
CVGW,nasdaq
CVI,nyse
CVKD,nasdaq
CVLG,nasdaq
CVLT,nasdaq
CVM,nysemkt
CVNA,nyse
CVNY,nyse
CVR,nysemkt
CVRX,nasdaq
CVS,nyse
CVSA,nyse
CVU,nysemkt
CVV,nasdaq
CVX,nyse
CW,nyse
CWAN,nyse
CWBC,nasdaq
CWCO,nasdaq
CWD,nasdaq
CWEN,nyse
CWEN-A,nyse
CWH,nyse
CWK,nyse
CWST,nasdaq
CWT,nyse
CWY,nasdaq
CX,nyse
CXAI,nasdaq
CXAIW,nasdaq
CXDO,nasdaq
CXE,nyse
CXH,nyse
CXIIU,nasdaq
CXM,nyse
CXT,nyse
CXW,nyse
CYAB,nasdaq
CYCN,nasdaq
CYCU,nasdaq
CYCUW,nasdaq
CYD,nyse
CYH,nyse
CYN,nasdaq
CYPH,nasdaq
CYRX,nasdaq
CYTK,nasdaq
CZFS,nasdaq
CZNC,nasdaq
CZR,nasdaq
CZWI,nasdaq
D,nyse
DAAQ,nasdaq
DAAQU,nasdaq
DAAQW,nasdaq
DAC,nyse
DAIC,nasdaq
DAICW,nasdaq
DAIO,nasdaq
DAKT,nasdaq
DAL,nyse
DAN,nyse
DAO,nyse
DAR,nyse
DARE,nasdaq
DASH,nasdaq
DAVA,nyse
DAVE,nasdaq
DAVEW,nasdaq
DB,nyse
DBCA,nasdaq
DBCAU,nasdaq
DBD,nyse
DBGI,nasdaq
DBI,nyse
DBRG,nyse
DBRG-PH,nyse
DBRG-PI,nyse
DBRG-PJ,nyse
DBVT,nasdaq
DBX,nasdaq
DC,nysemkt
DCBG,nasdaq
DCBO,nasdaq
DCGO,nasdaq
DCH,nyse
DCI,nyse
DCO,nyse
DCOM,nasdaq
DCOY,nasdaq
DCTH,nasdaq
DCX,nasdaq
DD,nyse
DDC,nysemkt
DDD,nyse
DDDD,nyse
DDI,nasdaq
DDL,nyse
DDOG,nasdaq
DDS,nyse
DDT,nyse
DDX,nyse
DE,nyse
DEA,nyse
DEC,nyse
DECK,nyse
DECM,nyse
DECP,nyse
DECU,nyse
DEFT,nasdaq
DEI,nyse
DELL,nyse
DEO,nyse
DERM,nasdaq
DETX,nasdaq
DEVS,nasdaq
DEXC,nyse
DFDV,nasdaq
DFDVW,nasdaq
DFH,nyse
DFII,nyse
DFIN,nyse
DFLI,nasdaq
DFLIW,nasdaq
DFMC,nyse
DFNS,nasdaq
DFP,nyse
DFSC,nasdaq
DFSCW,nasdaq
DFTX,nasdaq
DG,nyse
DGICA,nasdaq
DGICB,nasdaq
DGII,nasdaq
DGNX,nasdaq
DGOC,nyse
DGX,nyse
DGXX,nasdaq
DH,nasdaq
DHC,nasdaq
DHCNI,nasdaq
DHCNL,nasdaq
DHDG,nyse
DHF,nyse
DHI,nyse
DHLX,nyse
DHR,nyse
DHSB,nyse
DHT,nyse
DHX,nyse
DHY,nysemkt
DIBS,nasdaq
DIME,nasdaq
DIN,nyse
DINE,nasdaq
DINO,nyse
DIOD,nasdaq
DIPS,nyse
DIS,nyse
DIT,nysemkt
DIVE,nyse
DJCO,nasdaq
DJT,nasdaq
DJTWW,nasdaq
DK,nyse
DKI,nasdaq
DKL,nyse
DKNG,nasdaq
DKS,nyse
DLB,nyse
DLHC,nasdaq
DLNG,nyse
DLNG-PA,nyse
DLO,nasdaq
DLPN,nasdaq
DLR,nyse
DLR-PJ,nyse
DLR-PK,nyse
DLR-PL,nyse
DLTH,nasdaq
DLTR,nasdaq
DLUX,nyse
DLX,nyse
DLXY,nasdaq
DLY,nyse
DMA,nyse
DMAA,nasdaq
DMAC,nasdaq
DMAX,nyse
DMB,nyse
DMII,nasdaq
DMIIU,nasdaq
DMLP,nasdaq
DMO,nyse
DMRA,nasdaq
DMRC,nasdaq
DMX,nyse
DNA,nyse
DNLI,nasdaq
DNMX,nasdaq
DNMXW,nasdaq
DNN,nysemkt
DNNG,nasdaq
DNOW,nyse
DNP,nyse
DNTH,nasdaq
DNUT,nasdaq
DOC,nyse
DOCN,nyse
DOCS,nyse
DOCU,nasdaq
DOGZ,nasdaq
DOLE,nyse
DOMH,nasdaq
DOMO,nasdaq
DOO,nasdaq
DORM,nasdaq
DOUG,nyse
DOV,nyse
DOW,nyse
DOX,nasdaq
DOYU,nasdaq
DPG,nyse
DPRO,nasdaq
DPZ,nasdaq
DQ,nyse
DRAI,nyse
DRAY,nyse
DRCT,nasdaq
DRD,nyse
DRDB,nasdaq
DRDBW,nasdaq
DRES,nyse
DRH,nasdaq
DRI,nyse
DRIO,nasdaq
DRMA,nasdaq
DRMAW,nasdaq
DRNZ,nasdaq
DRS,nasdaq
DRTS,nasdaq
DRTSW,nasdaq
DRUG,nasdaq
DRVN,nasdaq
DSAC,nasdaq
DSACU,nasdaq
DSCO,nyse
DSGN,nasdaq
DSGR,nasdaq
DSGX,nasdaq
DSL,nyse
DSM,nyse
DSP,nasdaq
DSPY,nyse
DSS,nysemkt
DSU,nyse
DSWL,nasdaq
DSX,nyse
DSX-PB,nyse
DSY,nasdaq
DSYWW,nasdaq
DT,nyse
DTAN,nyse
DTB,nyse
DTCKF,nasdaq
DTCX,nasdaq
DTE,nyse
DTF,nyse
DTG,nyse
DTI,nasdaq
DTIL,nasdaq
DTM,nyse
DTSQ,nasdaq
DTSS,nasdaq
DTST,nasdaq
DTW,nyse
DUK,nyse
DUK-PA,nyse
DUKB,nyse
DUKQ,nyse
DUKR,nasdaq
DUKRW,nasdaq
DUKZ,nyse
DULL,nyse
DUNK,nyse
DUO,nasdaq
DUOG,nasdaq
DUOL,nasdaq
DUOT,nasdaq
DUSG,nasdaq
DV,nyse
DVA,nyse
DVGR,nasdaq
DVLT,nasdaq
DVN,nyse
DVVY,nyse
DWSN,nasdaq
DWTX,nasdaq
DX,nyse
DX-PC,nyse
DXC,nyse
DXCM,nasdaq
DXF,nysemkt
DXIV,nyse
DXLG,nasdaq
DXPE,nasdaq
DXR,nasdaq
DXST,nasdaq
DXUV,nyse
DXYZ,nyse
DY,nyse
DYAI,nasdaq
DYN,nasdaq
DYNB,nasdaq
DYNC,nasdaq
DYNCU,nasdaq
DYOR,nasdaq
DYORU,nasdaq
DYORW,nasdaq
E,nyse
EA,nasdaq
EAD,nysemkt
EAF,nyse
EAI,nyse
EARN,nyse
EART,nasdaq
EASY,nasdaq
EAT,nyse
EBAY,nasdaq
EBC,nasdaq
EBF,nyse
EBIT,nyse
EBMT,nasdaq
EBON,nasdaq
EBS,nyse
EBUF,nyse
EC,nyse
ECAT,nyse
ECBK,nasdaq
ECC,nyse
ECC-PD,nyse
ECCC,nyse
ECCU,nyse
ECCV,nyse
ECCW,nyse
ECCX,nyse
ECF,nysemkt
ECF-PA,nysemkt
ECG,nyse
ECL,nyse
ECO,nyse
ECOR,nasdaq
ECPG,nasdaq
ECVT,nyse
ECX,nasdaq
ECXWW,nasdaq
ED,nyse
EDAP,nasdaq
EDBL,nasdaq
EDBLW,nasdaq
EDD,nyse
EDF,nyse
EDGF,nyse
EDGH,nyse
EDGI,nyse
EDGQ,nyse
EDGU,nyse
EDGX,nyse
EDHL,nasdaq
EDIT,nasdaq
EDN,nyse
EDRY,nasdaq
EDSA,nasdaq
EDTK,nasdaq
EDU,nyse
EDUC,nasdaq
EE,nyse
EEA,nyse
EEE,nasdaq
EEFT,nasdaq
EEIQ,nasdaq
EEX,nyse
EFAA,nyse
EFC,nyse
EFC-PB,nyse
EFC-PC,nyse
EFC-PD,nyse
EFOI,nasdaq
EFOR,nyse
EFR,nyse
EFSC,nasdaq
EFSCP,nasdaq
EFSI,nasdaq
EFT,nyse
EFX,nyse
EFXT,nyse
EG,nyse
EGAN,nasdaq
EGBN,nasdaq
EGG,nasdaq
EGGS,nyse
EGGY,nyse
EGHA,nasdaq
EGHAU,nasdaq
EGHT,nasdaq
EGLE,nyse
EGO,nyse
EGP,nyse
EGY,nyse
EH,nasdaq
EHAB,nyse
EHC,nyse
EHGO,nasdaq
EHI,nyse
EHLD,nasdaq
EHTH,nasdaq
EIC,nyse
EICA,nyse
EIG,nyse
EIIA,nyse
EIKN,nasdaq
EIM,nysemkt
EIPI,nyse
EIX,nyse
EJH,nasdaq
EL,nyse
ELA,nysemkt
ELAB,nasdaq
ELAN,nyse
ELBM,nasdaq
ELC,nyse
ELCV,nyse
ELDN,nasdaq
ELE,nasdaq
ELF,nyse
ELLO,nysemkt
ELM,nyse
ELMD,nysemkt
ELME,nyse
ELMT,nasdaq
ELOG,nasdaq
ELPC,nyse
ELPW,nasdaq
ELS,nyse
ELSE,nasdaq
ELTK,nasdaq
ELTX,nasdaq
ELUT,nasdaq
ELV,nyse
ELVA,nasdaq
ELVN,nasdaq
ELVR,nasdaq
ELWT,nasdaq
EM,nasdaq
EMA,nyse
EMAT,nasdaq
EMBC,nasdaq
EMBJ,nyse
EMD,nyse
EME,nyse
EMET,nyse
EMF,nyse
EMKT,nyse
EML,nasdaq
EMN,nyse
EMO,nyse
EMOP,nyse
EMOT,nyse
EMP,nyse
EMPB,nyse
EMPD,nasdaq
EMR,nyse
ENB,nyse
ENGN,nasdaq
ENGNW,nasdaq
ENGS,nasdaq
ENHA,nyse
ENHI,nasdaq
ENHU,nasdaq
ENIC,nyse
ENJ,nyse
ENLT,nasdaq
ENLV,nasdaq
ENO,nyse
ENOV,nyse
ENPH,nasdaq
ENR,nyse
ENS,nyse
ENSC,nasdaq
ENSG,nasdaq
ENTA,nasdaq
ENTG,nasdaq
ENTX,nasdaq
ENVA,nyse
ENVB,nasdaq
ENVX,nasdaq
EOD,nyse
EOG,nyse
EOI,nyse
EOLS,nasdaq
EONR,nysemkt
EOS,nyse
EOSE,nasdaq
EOT,nyse
EP,nysemkt
EP-PC,nyse
EPAC,nyse
EPAI,nyse
EPAM,nyse
EPC,nyse
EPD,nyse
EPM,nysemkt
EPOW,nasdaq
EPR,nyse
EPR-PC,nyse
EPR-PE,nyse
EPR-PG,nyse
EPRT,nyse
EPRX,nasdaq
EPSB,nyse
EPSM,nasdaq
EPSN,nasdaq
EQ,nasdaq
EQBK,nyse
EQH,nyse
EQH-PA,nyse
EQH-PC,nyse
EQIN,nyse
EQIX,nasdaq
EQLT,nyse
EQNR,nyse
EQPT,nasdaq
EQR,nyse
EQS,nyse
EQT,nyse
EQX,nysemkt
ERAS,nasdaq
ERC,nysemkt
ERH,nysemkt
ERIC,nasdaq
ERIE,nasdaq
ERII,nasdaq
ERNA,nasdaq
ERO,nyse
EROK,nyse
ES,nyse
ESAB,nyse
ESBA,nyse
ESCA,nasdaq
ESE,nyse
ESEA,nasdaq
ESI,nyse
ESIM,nyse
ESLA,nasdaq
ESLG,nyse
ESLT,nasdaq
ESLV,nyse
ESNT,nyse
ESOA,nasdaq
ESP,nysemkt
ESPR,nasdaq
ESQ,nasdaq
ESRT,nyse
ESS,nyse
ESSC,nyse
ESTA,nasdaq
ESTC,nyse
ESUM,nyse
ET,nyse
ET-PI,nyse
ETB,nyse
ETCO,nyse
ETD,nyse
ETG,nyse
ETH,nyse
ETHB,nasdaq
ETHD,nyse
ETHE,nyse
ETHT,nyse
ETHU,nyse
ETHV,nyse
ETHW,nyse
ETJ,nyse
ETN,nyse
ETO,nyse
ETON,nasdaq
ETOR,nasdaq
ETR,nyse
ETRL,nasdaq
ETS,nasdaq
ETSY,nasdaq
ETU,nyse
ETV,nyse
ETW,nyse
ETX,nyse
ETY,nyse
EU,nasdaq
EUAD,nyse
EUDA,nasdaq
EUHY,nyse
EURK,nasdaq
EVAC,nyse
EVAX,nasdaq
EVC,nyse
EVCM,nasdaq
EVER,nasdaq
EVEX,nyse
EVF,nyse
EVG,nyse
EVGN,nasdaq
EVGO,nasdaq
EVGOW,nasdaq
EVH,nyse
EVI,nysemkt
EVLU,nyse
EVLV,nasdaq
EVLVW,nasdaq
EVMN,nyse
EVMO,nyse
EVN,nyse
EVO,nasdaq
EVOX,nasdaq
EVOXU,nasdaq
EVOXW,nasdaq
EVPF,nasdaq
EVR,nyse
EVRG,nasdaq
EVT,nyse
EVTC,nyse
EVTL,nyse
EVTV,nasdaq
EVV,nysemkt
EW,nyse
EWBC,nasdaq
EWCZ,nasdaq
EWTX,nasdaq
EXC,nasdaq
EXE,nasdaq
EXEL,nasdaq
EXEQ,nyse
EXFY,nasdaq
EXG,nyse
EXK,nyse
EXLS,nasdaq
EXOD,nysemkt
EXOZ,nasdaq
EXP,nyse
EXPD,nyse
EXPE,nasdaq
EXPO,nasdaq
EXR,nyse
EXTR,nasdaq
EXYN,nasdaq
EXYNW,nasdaq
EYE,nasdaq
EYPT,nasdaq
EZET,nyse
EZGO,nasdaq
EZMO,nasdaq
EZPW,nasdaq
EZPZ,nyse
EZRA,nasdaq
EZRO,nasdaq
F,nyse
FA,nasdaq
FAAA,nasdaq
FABC,nasdaq
FACT,nasdaq
FACTU,nasdaq
FACTW,nasdaq
FAF,nyse
FAI,nyse
FAMI,nasdaq
FANG,nasdaq
FARM,nasdaq
FARX,nyse
FAST,nasdaq
FATE,nasdaq
FATN,nasdaq
FAX,nysemkt
FBDC,nyse
FBGL,nasdaq
FBIN,nyse
FBIO,nasdaq
FBIOP,nasdaq
FBIZ,nasdaq
FBK,nyse
FBLA,nasdaq
FBLG,nasdaq
FBNC,nasdaq
FBP,nyse
FBRT,nyse
FBRT-PE,nyse
FBRX,nasdaq
FBUF,nyse
FBYD,nasdaq
FBYDW,nasdaq
FBYY,nasdaq
FC,nyse
FCAP,nasdaq
FCBC,nasdaq
FCBD,nyse
FCCO,nasdaq
FCEL,nasdaq
FCF,nyse
FCFS,nasdaq
FCHL,nasdaq
FCLO,nasdaq
FCN,nyse
FCNCA,nasdaq
FCNCN,nasdaq
FCNCO,nasdaq
FCNCP,nasdaq
FCPT,nyse
FCRS,nasdaq
FCRX,nyse
FCUV,nasdaq
FCX,nyse
FCXG,nasdaq
FDBC,nasdaq
FDIQ,nasdaq
FDMT,nasdaq
FDP,nyse
FDRS,nasdaq
FDRX,nasdaq
FDS,nyse
FDSB,nasdaq
FDUS,nasdaq
FDX,nyse
FE,nyse
FEAC,nyse
FEAM,nasdaq
FEBM,nyse
FEBO,nasdaq
FEBU,nyse
FEDU,nyse
FEED,nasdaq
FEGE,nyse
FEIM,nasdaq
FELE,nasdaq
FEMD,nyse
FEMR,nyse
FEMY,nasdaq
FENC,nasdaq
FENG,nyse
FEOE,nyse
FER,nasdaq
FERA,nasdaq
FERG,nyse
FET,nyse
FETH,nyse
FF,nyse
FFAI,nasdaq
FFAIW,nasdaq
FFBC,nasdaq
FFDI,nyse
FFEM,nyse
FFGX,nyse
FFIC,nasdaq
FFIN,nasdaq
FFIV,nasdaq
FFOX,nyse
FG,nyse
FGBI,nasdaq
FGBIP,nasdaq
FGI,nasdaq
FGII,nasdaq
FGIIU,nasdaq
FGL,nasdaq
FGMC,nasdaq
FGMCU,nasdaq
FGN,nyse
FGNX,nasdaq
FGNXP,nasdaq
FGSM,nyse
FGSN,nyse
FHB,nasdaq
FHDG,nyse
FHEQ,nyse
FHI,nyse
FHN,nyse
FHN-PC,nyse
FHN-PE,nyse
FHN-PF,nyse
FHTX,nasdaq
FIAT,nyse
FIBK,nasdaq
FICO,nyse
FIEE,nasdaq
FIG,nyse
FIGG,nasdaq
FIGR,nasdaq
FIGS,nyse
FIGX,nasdaq
FIGXW,nasdaq
FINS,nyse
FINT,nyse
FINV,nyse
FINW,nasdaq
FINY,nasdaq
FIP,nasdaq
FIS,nyse
FISI,nasdaq
FISK,nyse
FISV,nasdaq
FITB,nasdaq
FITBI,nasdaq
FITBM,nasdaq
FITBO,nasdaq
FITBP,nasdaq
FIVE,nasdaq
FIVN,nasdaq
FIX,nyse
FIXT,nyse
FIYY,nasdaq
FIZZ,nasdaq
FJET,nysemkt
FKWL,nasdaq
FLAG,nyse
FLC,nyse
FLCC,nyse
FLCE,nyse
FLCG,nyse
FLCV,nyse
FLD,nasdaq
FLDDW,nasdaq
FLEX,nasdaq
FLG,nyse
FLG-PA,nyse
FLG-PU,nyse
FLGT,nasdaq
FLL,nasdaq
FLNA,nasdaq
FLNC,nasdaq
FLNG,nyse
FLNT,nasdaq
FLO,nyse
FLOC,nyse
FLR,nyse
FLS,nyse
FLUT,nyse
FLUX,nasdaq
FLWS,nasdaq
FLX,nasdaq
FLXI,nyse
FLXN,nyse
FLXR,nyse
FLXS,nasdaq
FLY,nasdaq
FLYD,nyse
FLYE,nasdaq
FLYU,nyse
FLYW,nasdaq
FLYX,nysemkt
FMACU,nasdaq
FMAO,nasdaq
FMBH,nasdaq
FMC,nyse
FMCE,nyse
FMFC,nasdaq
FMKT,nyse
FMN,nyse
FMNB,nasdaq
FMS,nyse
FMST,nasdaq
FMSTW,nasdaq
FMX,nyse
FN,nyse
FNB,nyse
FND,nyse
FNF,nyse
FNGR,nasdaq
FNKO,nasdaq
FNLC,nasdaq
FNRN,nasdaq
FNUC,nasdaq
FNV,nyse
FNWB,nasdaq
FNWD,nasdaq
FOA,nyse
FOF,nyse
FOFO,nasdaq
FOPC,nyse
FOR,nyse
FORA,nasdaq
FORM,nasdaq
FORR,nasdaq
FORTY,nasdaq
FOSL,nasdaq
FOUR,nyse
FOWF,nyse
FOX,nasdaq
FOXA,nasdaq
FOXF,nasdaq
FOXX,nasdaq
FOXXW,nasdaq
FOXY,nyse
FPAS,nyse
FPH,nyse
FPI,nyse
FPS,nyse
FPWR,nyse
FR,nyse
FRA,nyse
FRAF,nasdaq
FRBA,nasdaq
FRD,nasdaq
FRGN,nyse
FRGT,nasdaq
FRHC,nasdaq
FRIZ,nyse
FRME,nasdaq
FRMEP,nasdaq
FRMI,nasdaq
FRMM,nasdaq
FRO,nyse
FROG,nasdaq
FRPH,nasdaq
FRPT,nasdaq
FRSH,nasdaq
FRST,nasdaq
FRSX,nasdaq
FRT,nyse
FRT-PC,nyse
FRVO,nasdaq
FRWD,nasdaq
FSBC,nasdaq
FSBW,nasdaq
FSCC,nyse
FSCO,nyse
FSEA,nasdaq
FSHP,nasdaq
FSI,nysemkt
FSK,nyse
FSLR,nasdaq
FSLY,nasdaq
FSM,nyse
FSML,nyse
FSP,nysemkt
FSS,nyse
FSTR,nasdaq
FSUN,nasdaq
FSV,nasdaq
FT,nyse
FTAI,nasdaq
FTAIM,nasdaq
FTBI,nyse
FTCA,nyse
FTCE,nyse
FTCI,nasdaq
FTDR,nasdaq
FTEK,nasdaq
FTF,nysemkt
FTFT,nasdaq
FTHAU,nasdaq
FTHB,nyse
FTHM,nasdaq
FTHY,nyse
FTI,nyse
FTK,nyse
FTLF,nasdaq
FTMH,nyse
FTMS,nyse
FTMU,nyse
FTNJ,nyse
FTNT,nasdaq
FTNY,nyse
FTRE,nasdaq
FTRK,nasdaq
FTS,nyse
FTV,nyse
FTW,nyse
FUBO,nyse
FUFU,nasdaq
FUL,nyse
FULC,nasdaq
FULT,nasdaq
FULTP,nasdaq
FUN,nyse
FUNC,nasdaq
FUND,nasdaq
FURY,nysemkt
FUSB,nasdaq
FUSE,nasdaq
FUSEW,nasdaq
FUTG,nasdaq
FUTU,nasdaq
FVAV,nasdaq
FVCB,nasdaq
FVN,nasdaq
FVNNR,nasdaq
FVR,nyse
FVRR,nyse
FWDI,nasdaq
FWONA,nasdaq
FWONK,nasdaq
FWRD,nasdaq
FWRG,nasdaq
FXNC,nasdaq
FYEE,nyse
G,nyse
GAB,nyse
GAB-PG,nyse
GAB-PH,nyse
GAB-PK,nyse
GABC,nasdaq
GAEM,nyse
GAIA,nasdaq
GAIN,nasdaq
GAING,nasdaq
GAINI,nasdaq
GAINZ,nasdaq
GALT,nasdaq
GAM,nyse
GAM-PB,nyse
GAMB,nasdaq
GAME,nasdaq
GANX,nasdaq
GAP,nyse
GARP,nyse
GARY,nasdaq
GASS,nasdaq
GATX,nyse
GAU,nysemkt
GAUZ,nasdaq
GAVA,nasdaq
GBAB,nyse
GBCI,nyse
GBDC,nasdaq
GBFH,nasdaq
GBLI,nasdaq
GBND,nyse
GBR,nysemkt
GBTG,nyse
GBX,nyse
GCAL,nyse
GCBC,nasdaq
GCDT,nysemkt
GCGRU,nasdaq
GCL,nasdaq
GCLWW,nasdaq
GCMG,nasdaq
GCO,nyse
GCT,nasdaq
GCTK,nasdaq
GCTS,nyse
GCV,nyse
GD,nyse
GDC,nasdaq
GDDY,nyse
GDEN,nasdaq
GDEV,nasdaq
GDHG,nasdaq
GDL,nyse
GDO,nyse
GDOT,nyse
GDRX,nasdaq
GDS,nasdaq
GDTC,nasdaq
GDV,nyse
GDV-PH,nyse
GDV-PK,nyse
GDXY,nyse
GDYN,nasdaq
GE,nyse
GECC,nasdaq
GECCG,nasdaq
GECCH,nasdaq
GECCI,nasdaq
GECCO,nasdaq
GEF,nyse
GEF-B,nyse
GEG,nasdaq
GEGGL,nasdaq
GEHC,nasdaq
GEL,nyse
GELS,nasdaq
GEMG,nasdaq
GEMI,nasdaq
GEN,nasdaq
GENB,nasdaq
GENC,nysemkt
GEND,nyse
GENI,nyse
GENK,nasdaq
GENM,nyse
GENT,nyse
GENVR,nasdaq
GENW,nyse
GENZ,nasdaq
GEO,nyse
GEOA,nyse
GEOS,nasdaq
GERN,nasdaq
GETY,nyse
GEV,nyse
GEVG,nasdaq
GEVO,nasdaq
GEW,nasdaq
GF,nyse
GFAI,nasdaq
GFAIW,nasdaq
GFF,nyse
GFI,nyse
GFL,nyse
GFR,nyse
GFS,nasdaq
GGAL,nasdaq
GGB,nyse
GGG,nyse
GGN,nysemkt
GGN-PB,nysemkt
GGOV,nyse
GGR,nasdaq
GGROW,nasdaq
GGRP,nasdaq
GGT,nyse
GGT-PE,nyse
GGT-PG,nyse
GGTL,nyse
GGZ,nyse
GH,nasdaq
GHC,nyse
GHG,nyse
GHI,nasdaq
GHM,nyse
GHRS,nasdaq
GHY,nyse
GIAX,nyse
GIB,nyse
GIBO,nasdaq
GIBOW,nasdaq
GIC,nyse
GIFT,nasdaq
GIG,nasdaq
GIGGW,nasdaq
GIGL,nyse
GIGM,nasdaq
GIII,nasdaq
GIL,nyse
GILD,nasdaq
GILT,nasdaq
GIPR,nasdaq
GIS,nyse
GITS,nasdaq
GIW,nasdaq
GIWWU,nasdaq
GIX,nasdaq
GIXXU,nasdaq
GJH,nyse
GJR,nyse
GJS,nyse
GJT,nyse
GKOS,nyse
GL,nyse
GLAD,nasdaq
GLBE,nasdaq
GLBL,nyse
GLBS,nasdaq
GLDB,nasdaq
GLDG,nysemkt
GLDN,nyse
GLE,nasdaq
GLIBA,nasdaq
GLIBK,nasdaq
GLIX,nyse
GLMD,nasdaq
GLND,nasdaq
GLNG,nasdaq
GLO,nysemkt
GLOB,nyse
GLOO,nasdaq
GLOP-PA,nyse
GLOP-PB,nyse
GLOP-PC,nyse
GLP,nyse
GLP-PB,nyse
GLPI,nasdaq
GLQ,nysemkt
GLRE,nasdaq
GLSI,nasdaq
GLU,nysemkt
GLUE,nasdaq
GLV,nysemkt
GLW,nyse
GLWG,nasdaq
GLXG,nasdaq
GLXY,nasdaq
GM,nyse
GMAB,nasdaq
GME,nyse
GMED,nyse
GMEX,nasdaq
GMEY,nyse
GMHS,nasdaq
GMM,nasdaq
GMMA,nyse
GMMF,nyse
GMNY,nyse
GMOC,nyse
GMOD,nyse
GMRS,nyse
GMTL,nysemkt
GMUB,nyse
GNE,nyse
GNK,nyse
GNL,nyse
GNL-PA,nyse
GNL-PB,nyse
GNL-PD,nyse
GNL-PE,nyse
GNLN,nasdaq
GNLX,nasdaq
GNPX,nasdaq
GNRC,nyse
GNS,nysemkt
GNSS,nasdaq
GNT,nyse
GNT-PA,nyse
GNTA,nasdaq
GNTX,nasdaq
GNW,nyse
GO,nasdaq
GOAI,nasdaq
GOGO,nasdaq
GOLD,nasdaq
GOLF,nyse
GOLS,nyse
GOOD,nasdaq
GOODN,nasdaq
GOODO,nasdaq
GOOG,nasdaq
GOOGL,nasdaq
GOOS,nyse
GOP,nyse
GORO,nysemkt
GOSS,nasdaq
GOTU,nyse
GOU,nasdaq
GOVX,nasdaq
GP,nasdaq
GPAC,nasdaq
GPAT,nasdaq
GPC,nyse
GPCR,nasdaq
GPGI,nyse
GPI,nyse
GPJA,nyse
GPK,nyse
GPMT,nyse
GPMT-PA,nyse
GPN,nyse
GPOR,nyse
GPRE,nasdaq
GPRK,nyse
GPRO,nasdaq
GPT,nasdaq
GPUS,nysemkt
GPUS-PD,nysemkt
GPZ,nyse
GQGU,nyse
GRAB,nasdaq
GRABW,nasdaq
GRAF,nysemkt
GRAG,nasdaq
GRAL,nasdaq
GRAN,nasdaq
GRBK,nyse
GRBK-PA,nyse
GRC,nyse
GRCE,nasdaq
GRDN,nyse
GRDX,nasdaq
GREE,nasdaq
GREEL,nasdaq
GRF,nysemkt
GRFS,nasdaq
GRI,nasdaq
GRML,nasdaq
GRMN,nyse
GRND,nyse
GRNQ,nasdaq
GRNT,nyse
GRNY,nyse
GRO,nysemkt
GROV,nyse
GROW,nasdaq
GROY,nysemkt
GROZ,nyse
GRPN,nasdaq
GRRR,nasdaq
GRRRW,nasdaq
GRVY,nasdaq
GRWG,nasdaq
GRX,nyse
GS,nyse
GS-PA,nyse
GS-PC,nyse
GS-PD,nyse
GSAT,nasdaq
GSBC,nasdaq
GSBD,nyse
GSGO,nasdaq
GSHD,nasdaq
GSHR,nasdaq
GSHRW,nasdaq
GSIT,nasdaq
GSIW,nasdaq
GSK,nyse
GSKH,nyse
GSL,nyse
GSL-PB,nyse
GSM,nasdaq
GSRF,nasdaq
GSUN,nasdaq
GSWO,nyse
GT,nasdaq
GTBP,nasdaq
GTE,nysemkt
GTEC,nasdaq
GTEN,nasdaq
GTENW,nasdaq
GTERA,nasdaq
GTERW,nasdaq
GTES,nyse
GTIM,nasdaq
GTLB,nasdaq
GTLS,nyse
GTM,nasdaq
GTN,nyse
GTN-A,nyse
GTND,nyse
GTOC,nyse
GTOH,nyse
GTOP,nasdaq
GTOQ,nasdaq
GTOS,nyse
GTPE,nasdaq
GTX,nasdaq
GTY,nyse
GUACU,nasdaq
GUG,nyse
GUMI,nyse
GURE,nasdaq
GUSE,nasdaq
GUT,nyse
GUT-PC,nyse
GUTS,nasdaq
GV,nasdaq
GVA,nyse
GVH,nasdaq
GVLE,nasdaq
GWAV,nasdaq
GWH,nyse
GWRE,nyse
GWRS,nasdaq
GWW,nyse
GXAI,nasdaq
GXIG,nyse
GXO,nyse
GXPC,nyse
GXPD,nyse
GXPE,nyse
GXPS,nyse
GXPT,nyse
GYRE,nasdaq
GYRO,nasdaq
H,nyse
HACQ,nasdaq
HAE,nyse
HAFC,nasdaq
HAFN,nyse
HAIN,nasdaq
HAKY,nyse
HAL,nyse
HALO,nasdaq
HAO,nasdaq
HAS,nasdaq
HASI,nyse
HAVA,nasdaq
HAWK,nyse
HAYW,nyse
HBAN,nasdaq
HBANL,nasdaq
HBANM,nasdaq
HBANP,nasdaq
HBANZ,nasdaq
HBB,nyse
HBCP,nasdaq
HBIO,nasdaq
HBM,nyse
HBNB,nasdaq
HBNC,nasdaq
HBR,nasdaq
HBT,nasdaq
HBTC,nyse
HCA,nyse
HCAC,nasdaq
HCAI,nasdaq
HCAT,nasdaq
HCC,nyse
HCI,nyse
HCIC,nasdaq
HCICU,nasdaq
HCKT,nasdaq
HCM,nasdaq
HCMA,nasdaq
HCMAU,nasdaq
HCMAW,nasdaq
HCSG,nasdaq
HCTI,nasdaq
HCWB,nasdaq
HCWC,nysemkt
HCXY,nyse
HD,nyse
HDB,nyse
HDL,nasdaq
HDSN,nasdaq
HE,nyse
HECA,nyse
HEDG,nyse
HEI,nyse
HEI-A,nyse
HELE,nasdaq
HELP,nasdaq
HELS,nyse
HEPS,nasdaq
HEQ,nyse
HERE,nasdaq
HERZ,nasdaq
HESM,nyse
HFBL,nasdaq
HFEQ,nyse
HFFG,nasdaq
HFGM,nyse
HFMF,nyse
HFRO,nyse
HFRO-PA,nyse
HFRO-PB,nyse
HFWA,nasdaq
HG,nyse
HGBL,nasdaq
HGLB,nyse
HGRO,nyse
HGTY,nyse
HGV,nyse
HHH,nyse
HHS,nasdaq
HIFS,nasdaq
HIG,nyse
HIG-PG,nyse
HIHO,nasdaq
HII,nyse
HIMS,nyse
HIMU,nyse
HIMX,nasdaq
HIND,nasdaq
HIO,nyse
HIPO,nyse
HIT,nasdaq
HITI,nasdaq
HIVE,nasdaq
HIW,nyse
HIX,nyse
HIYY,nyse
HKD,nyse
HKIT,nasdaq
HKPD,nasdaq
HL,nyse
HL-PB,nyse
HLF,nyse
HLI,nyse
HLIO,nyse
HLIT,nasdaq
HLLY,nyse
HLMN,nasdaq
HLN,nyse
HLNE,nasdaq
HLP,nasdaq
HLT,nyse
HLX,nyse
HLXC,nasdaq
HMC,nyse
HMH,nasdaq
HMN,nyse
HMR,nasdaq
HMY,nyse
HMYY,nasdaq
HNGE,nyse
HNI,nyse
HNNA,nasdaq
HNNAZ,nasdaq
HNRG,nasdaq
HNST,nasdaq
HNVR,nasdaq
HODU,nasdaq
HOFT,nasdaq
HOG,nyse
HOLA,nyse
HOLD,nyse
HOLO,nasdaq
HOLOW,nasdaq
HOMB,nyse
HON,nasdaq
HOOD,nasdaq
HOOY,nyse
HOPE,nasdaq
HOTH,nasdaq
HOUR,nasdaq
HOV,nyse
HOVNP,nasdaq
HOVR,nasdaq
HOVRW,nasdaq
HOWL,nasdaq
HOYY,nasdaq
HP,nyse
HPAI,nasdaq
HPAIW,nasdaq
HPE,nyse
HPE-PC,nyse
HPF,nyse
HPI,nyse
HPK,nasdaq
HPP,nyse
HPP-PC,nyse
HPQ,nyse
HQ,nasdaq
HQH,nyse
HQI,nasdaq
HQL,nyse
HQWWW,nasdaq
HQY,nasdaq
HR,nyse
HRB,nyse
HRI,nyse
HRL,nyse
HRMY,nasdaq
HROW,nasdaq
HRTG,nyse
HRTX,nasdaq
HRZN,nasdaq
HSAI,nasdaq
HSBC,nyse
HSBH,nyse
HSCS,nasdaq
HSDT,nasdaq
HSHP,nyse
HSIC,nasdaq
HSLV,nysemkt
HSPT,nasdaq
HSPTU,nasdaq
HST,nasdaq
HSTM,nasdaq
HSY,nyse
HTB,nyse
HTCO,nasdaq
HTCR,nasdaq
HTD,nyse
HTFC,nyse
HTFL,nasdaq
HTGC,nyse
HTH,nyse
HTHT,nasdaq
HTLD,nasdaq
HTLM,nasdaq
HTO,nasdaq
HTOO,nasdaq
HTT,nyse
HTZ,nasdaq
HTZWW,nasdaq
HUBB,nyse
HUBC,nasdaq
HUBCW,nasdaq
HUBG,nasdaq
HUBS,nyse
HUDI,nasdaq
HUHU,nasdaq
HUIZ,nasdaq
HUM,nyse
HUMA,nasdaq
HUMAW,nasdaq
HUN,nyse
HURA,nasdaq
HURC,nasdaq
HURN,nasdaq
HUT,nasdaq
HUTG,nasdaq
HUYA,nyse
HVAC,nyse
HVII,nasdaq
HVMC,nasdaq
HVMCU,nasdaq
HVMCW,nasdaq
HVT,nyse
HVT-A,nyse
HWBK,nasdaq
HWC,nasdaq
HWCPZ,nasdaq
HWH,nasdaq
HWKN,nasdaq
HWM,nyse
HXHX,nasdaq
HXL,nyse
HY,nyse
HYBX,nyse
HYFM,nasdaq
HYFT,nasdaq
HYI,nyse
HYLN,nysemkt
HYMC,nasdaq
HYNE,nasdaq
HYP,nasdaq
HYPD,nasdaq
HYPR,nasdaq
HYSD,nyse
HYT,nyse
HYTI,nyse
HZO,nyse
IACO,nasdaq
IACQU,nasdaq
IAE,nyse
IAF,nysemkt
IAG,nyse
IALT,nasdaq
IART,nasdaq
IAUG,nyse
IAUX,nysemkt
IBAC,nasdaq
IBCA,nyse
IBCB,nyse
IBCP,nasdaq
IBDZ,nyse
IBEX,nasdaq
IBFR,nyse
IBG,nasdaq
IBGC,nasdaq
IBGM,nasdaq
IBHK,nyse
IBIK,nyse
IBIL,nyse
IBIM,nyse
IBIO,nasdaq
IBKR,nasdaq
IBM,nyse
IBMS,nyse
IBMU,nyse
IBMV,nyse
IBMW,nyse
IBMX,nyse
IBN,nyse
IBO,nysemkt
IBOC,nasdaq
IBP,nyse
IBRX,nasdaq
IBTA,nyse
IBTR,nasdaq
IBUF,nyse
ICCC,nasdaq
ICCM,nasdaq
ICE,nyse
ICFI,nasdaq
ICG,nasdaq
ICHR,nasdaq
ICL,nyse
ICLR,nasdaq
ICMB,nasdaq
ICOI,nyse
ICON,nasdaq
ICPI,nyse
ICPY,nyse
ICR-PA,nyse
ICRC,nyse
ICU,nasdaq
ICUCW,nasdaq
ICUI,nasdaq
IDA,nyse
IDACU,nasdaq
IDAI,nasdaq
IDCC,nasdaq
IDE,nyse
IDEQ,nyse
IDN,nasdaq
IDR,nysemkt
IDT,nyse
IDVY,nasdaq
IDVZ,nyse
IDXX,nasdaq
IDYA,nasdaq
IDYN,nyse
IE,nysemkt
IEAG,nasdaq
IEP,nasdaq
IESC,nasdaq
IETH,nyse
IEX,nyse
IFBD,nasdaq
IFF,nyse
IFLN,nyse
IFN,nyse
IFRX,nasdaq
IFS,nyse
IGA,nyse
IGAC,nasdaq
IGACU,nasdaq
IGC,nysemkt
IGD,nyse
IGI,nyse
IGIC,nasdaq
IGME,nyse
IGR,nyse
IH,nyse
IHD,nyse
IHG,nyse
IHRT,nasdaq
IHS,nyse
IHT,nysemkt
IIF,nyse
III,nasdaq
IIIN,nyse
IIIV,nasdaq
IIM,nyse
IIPR,nyse
IIPR-PA,nyse
IJUN,nyse
IKT,nasdaq
ILAG,nasdaq
ILLR,nasdaq
ILLU,nasdaq
ILMN,nasdaq
ILOW,nyse
ILPT,nasdaq
ILS,nyse
IMA,nasdaq
IMAX,nyse
IMAY,nyse
IMCC,nasdaq
IMCR,nasdaq
IMDX,nasdaq
IMKTA,nasdaq
IMMP,nasdaq
IMMR,nasdaq
IMMX,nasdaq
IMNM,nasdaq
IMNN,nasdaq
IMO,nysemkt
IMOS,nasdaq
IMPP,nasdaq
IMPPP,nasdaq
IMRA,nyse
IMRN,nasdaq
IMRX,nasdaq
IMSR,nasdaq
IMSRW,nasdaq
IMST,nyse
IMTE,nasdaq
IMTX,nasdaq
IMUX,nasdaq
IMVP,nyse
IMVT,nasdaq
IMXI,nasdaq
INAB,nasdaq
INAC,nasdaq
INBK,nasdaq
INBKZ,nasdaq
INBS,nasdaq
INBX,nasdaq
INCE,nyse
INCR,nasdaq
INCY,nasdaq
IND,nasdaq
INDB,nasdaq
INDI,nasdaq
INDO,nysemkt
INDP,nasdaq
INDQ,nasdaq
INDV,nasdaq
INDZ,nyse
INEO,nasdaq
INEQ,nyse
INFO,nyse
INFQ,nyse
INFU,nysemkt
INFY,nyse
ING,nyse
INGM,nyse
INGN,nasdaq
INGR,nyse
INKT,nasdaq
INLF,nasdaq
INLX,nysemkt
INM,nasdaq
INMB,nasdaq
INMD,nasdaq
INN,nyse
INN-PE,nyse
INN-PF,nyse
INNV,nasdaq
INO,nasdaq
INOD,nasdaq
INR,nyse
INSE,nasdaq
INSG,nasdaq
INSM,nasdaq
INSP,nyse
INSW,nyse
INTA,nasdaq
INTC,nasdaq
INTG,nasdaq
INTJ,nasdaq
INTR,nasdaq
INTS,nasdaq
INTT,nysemkt
INTU,nasdaq
INTZ,nasdaq
INUV,nysemkt
INV,nasdaq
INVA,nasdaq
INVE,nasdaq
INVG,nyse
INVH,nyse
INVN,nyse
INVX,nyse
INVZ,nasdaq
IOBTQ,nasdaq
IONQ,nyse
IONR,nasdaq
IONS,nasdaq
IOR,nysemkt
IOSP,nasdaq
IOT,nyse
IOTR,nasdaq
IOVA,nasdaq
IOYY,nasdaq
IP,nyse
IPAR,nasdaq
IPAV,nyse
IPB,nysemkt
IPCX,nasdaq
IPDN,nasdaq
IPEX,nasdaq
IPFXU,nasdaq
IPGP,nasdaq
IPHA,nasdaq
IPI,nyse
IPM,nasdaq
IPSC,nasdaq
IPST,nasdaq
IPW,nasdaq
IPWR,nasdaq
IPX,nasdaq
IQ,nasdaq
IQI,nyse
IQMM,nyse
IQST,nasdaq
IQV,nyse
IR,nyse
IRAB,nyse
IRD,nasdaq
IRDM,nasdaq
IRE,nyse
IREG,nasdaq
IREN,nasdaq
IREX,nyse
IRHO,nasdaq
IRHOU,nasdaq
IRIX,nasdaq
IRM,nyse
IRMD,nasdaq
IROC,nyse
IRON,nasdaq
IRS,nyse
IRT,nyse
IRTC,nasdaq
IRWD,nasdaq
ISBA,nasdaq
ISD,nyse
ISOU,nysemkt
ISPC,nasdaq
ISPR,nasdaq
ISRG,nasdaq
ISSC,nasdaq
ISTR,nasdaq
ISUL,nasdaq
IT,nyse
ITDJ,nyse
ITGR,nyse
ITHA,nasdaq
ITHAU,nasdaq
ITIC,nasdaq
ITOC,nasdaq
ITP,nysemkt
ITRG,nysemkt
ITRI,nasdaq
ITRMF,nasdaq
ITRN,nasdaq
ITT,nyse
ITUB,nyse
ITW,nyse
ITWO,nyse
IVA,nasdaq
IVDA,nasdaq
IVES,nyse
IVF,nasdaq
IVR,nyse
IVR-PC,nyse
IVSI,nasdaq
IVSS,nasdaq
IVSX,nasdaq
IVT,nyse
IVVD,nasdaq
IVZ,nyse
IWMI,nyse
IX,nyse
IXHL,nasdaq
IYRI,nyse
IZEA,nasdaq
IZM,nasdaq
J,nyse
JA,nyse
JABS,nyse
JACK,nasdaq
JACS,nyse
JADE,nyse
JAGU,nysemkt
JAGX,nasdaq
JAJL,nyse
JAKK,nasdaq
JAN,nyse
JANM,nyse
JANU,nyse
JANX,nasdaq
JATT,nasdaq
JAZZ,nasdaq
JBDI,nasdaq
JBGS,nyse
JBHT,nasdaq
JBI,nyse
JBIO,nasdaq
JBL,nyse
JBLU,nasdaq
JBS,nyse
JBSS,nasdaq
JBTM,nyse
JCAP,nasdaq
JCE,nyse
JCI,nyse
JCSE,nasdaq
JCTC,nasdaq
JD,nasdaq
JDIV,nyse
JDVL,nyse
JEF,nyse
JELD,nyse
JEM,nasdaq
JEMA,nasdaq
JEMB,nyse
JETD,nyse
JETU,nyse
JF,nasdaq
JFB,nasdaq
JFIN,nasdaq
JFLI,nyse
JFLX,nyse
JFR,nyse
JFU,nasdaq
JG,nasdaq
JGH,nyse
JGRW,nyse
JHCP,nyse
JHCR,nyse
JHG,nyse
JHHY,nyse
JHI,nyse
JHLN,nyse
JHS,nyse
JHX,nyse
JIII,nyse
JILL,nyse
JJSF,nasdaq
JKHY,nasdaq
JKS,nyse
JL,nasdaq
JLHL,nasdaq
JLL,nyse
JLQD,nyse
JLS,nyse
JMIA,nyse
JMM,nyse
JMMF,nyse
JMSB,nasdaq
JMTG,nyse
JNEU,nyse
JNJ,nyse
JOB,nysemkt
JOBX,nyse
JOBY,nyse
JOE,nyse
JOF,nyse
JOUT,nasdaq
JOYT,nasdaq
JOYY,nasdaq
JPC,nyse
JPM,nyse
JPM-PC,nyse
JPM-PD,nyse
JPM-PJ,nyse
JPM-PK,nyse
JPM-PL,nyse
JPM-PM,nyse
JPO,nyse
JQC,nyse
JRI,nyse
JRS,nyse
JRSH,nasdaq
JRVR,nasdaq
JSM,nasdaq
JSPR,nasdaq
JSPRW,nasdaq
JTAI,nasdaq
JUDB,nyse
JUDO,nyse
JULM,nyse
JULP,nyse
JULU,nyse
JUNM,nyse
JUNP,nyse
JUNS,nasdaq
JVA,nasdaq
JWEL,nasdaq
JXG,nasdaq
JXN,nyse
JXN-PA,nyse
JXX,nyse
JYD,nasdaq
JYNT,nasdaq
JZ,nasdaq
JZXN,nasdaq
KAI,nyse
KALA,nasdaq
KALU,nasdaq
KAPA,nysemkt
KARO,nasdaq
KAUG,nyse
KB,nyse
KBDC,nyse
KBDU,nasdaq
KBFR,nyse
KBH,nyse
KBON,nasdaq
KBONU,nasdaq
KBR,nyse
KBSX,nasdaq
KC,nasdaq
KCAI,nyse
KCHV,nasdaq
KCSH,nyse
KD,nyse
KDEC,nyse
KDEF,nyse
KDK,nasdaq
KDKRW,nasdaq
KDP,nasdaq
KE,nasdaq
KEEL,nasdaq
KELYA,nasdaq
KELYB,nasdaq
KEN,nyse
KEP,nyse
KEQU,nasdaq
KEX,nyse
KEY,nyse
KEY-PI,nyse
KEY-PJ,nyse
KEY-PK,nyse
KEY-PL,nyse
KEYS,nyse
KF,nyse
KFEB,nyse
KFFB,nasdaq
KFII,nasdaq
KFRC,nyse
KFY,nyse
KG,nasdaq
KGC,nyse
KGEI,nasdaq
KGLD,nyse
KGS,nyse
KHC,nasdaq
KHPI,nyse
KIDS,nasdaq
KIDZ,nasdaq
KIDZW,nasdaq
KIM,nyse
KIM-PL,nyse
KIM-PM,nyse
KIM-PN,nyse
KINS,nasdaq
KIO,nyse
KIQQ,nasdaq
KITT,nasdaq
KITTW,nasdaq
KJD,nasdaq
KJUN,nyse
KKR,nyse
KKRS,nyse
KLAC,nasdaq
KLAG,nasdaq
KLAR,nyse
KLC,nyse
KLIC,nasdaq
KLRA,nasdaq
KLRS,nasdaq
KLTR,nasdaq
KLXE,nasdaq
KMB,nasdaq
KMCA,nyse
KMDA,nasdaq
KMI,nyse
KMID,nyse
KMPB,nyse
KMPR,nyse
KMRK,nasdaq
KMT,nyse
KMTS,nasdaq
KMX,nyse
KN,nyse
KNDI,nasdaq
KNF,nyse
KNO,nyse
KNOP,nyse
KNOV,nyse
KNRG,nyse
KNRX,nyse
KNSA,nasdaq
KNSL,nyse
KNTK,nyse
KNX,nyse
KO,nyse
KOD,nasdaq
KODK,nyse
KOF,nyse
KOP,nyse
KOPN,nasdaq
KORE,nyse
KOS,nyse
KOSS,nasdaq
KOYN,nasdaq
KOYNU,nasdaq
KOYNW,nasdaq
KPLT,nasdaq
KPRX,nasdaq
KPTI,nasdaq
KR,nyse
KRAQ,nasdaq
KRAQU,nasdaq
KRC,nyse
KREF,nyse
KREF-PA,nyse
KRG,nyse
KRKR,nasdaq
KRMD,nasdaq
KRMN,nyse
KRNT,nasdaq
KRNY,nasdaq
KRO,nyse
KROS,nasdaq
KRP,nyse
KRRO,nasdaq
KRT,nasdaq
KRUS,nasdaq
KRYP,nyse
KRYS,nasdaq
KSCP,nasdaq
KSEP,nyse
KSPI,nasdaq
KSPY,nyse
KSS,nyse
KT,nyse
KTB,nyse
KTCC,nasdaq
KTF,nyse
KTH,nyse
KTN,nyse
KTOS,nasdaq
KTTA,nasdaq
KTTAW,nasdaq
KTWO,nasdaq
KTWOU,nasdaq
KULR,nysemkt
KURA,nasdaq
KUST,nasdaq
KVAC,nasdaq
KVACW,nasdaq
KVHI,nasdaq
KVUE,nyse
KVYO,nyse
KW,nyse
KWM,nasdaq
KWMWW,nasdaq
KWR,nyse
KXIN,nasdaq
KYIV,nasdaq
KYIVW,nasdaq
KYMR,nasdaq
KYN,nyse
KYNB,nasdaq
KYTX,nasdaq
KZIA,nasdaq
L,nyse
LAB,nasdaq
LABT,nasdaq
LABX,nyse
LAC,nyse
LACG,nasdaq
LAD,nyse
LADR,nyse
LAES,nasdaq
LAFA,nasdaq
LAFAR,nasdaq
LAFAU,nasdaq
LAKE,nasdaq
LAMR,nasdaq
LAND,nasdaq
LANDO,nasdaq
LANDP,nasdaq
LANV,nyse
LAR,nyse
LARK,nasdaq
LASE,nasdaq
LASR,nasdaq
LATA,nasdaq
LATAU,nasdaq
LATAW,nasdaq
LAUR,nasdaq
LAW,nyse
LAZ,nyse
LB,nyse
LBGJ,nasdaq
LBRDA,nasdaq
LBRDK,nasdaq
LBRDP,nasdaq
LBRT,nyse
LBRX,nasdaq
LBTYA,nasdaq
LBTYB,nasdaq
LBTYK,nasdaq
LC,nyse
LCCC,nasdaq
LCCCU,nasdaq
LCFY,nasdaq
LCID,nasdaq
LCII,nyse
LCNB,nasdaq
LCTX,nysemkt
LCUT,nasdaq
LDDR,nyse
LDI,nyse
LDOS,nyse
LDP,nyse
LDRC,nyse
LDRH,nyse
LDRI,nyse
LDRT,nyse
LE,nasdaq
LEA,nyse
LECO,nasdaq
LEDS,nasdaq
LEE,nasdaq
LEG,nyse
LEGH,nasdaq
LEGN,nasdaq
LEGO,nyse
LEGT,nysemkt
LEN,nyse
LEN-B,nyse
LENS,nyse
LENZ,nasdaq
LEO,nyse
LESL,nasdaq
LEU,nysemkt
LEVI,nyse
LEXX,nasdaq
LFAC,nasdaq
LFACU,nasdaq
LFCR,nasdaq
LFGY,nyse
LFMD,nasdaq
LFMDP,nasdaq
LFS,nasdaq
LFST,nasdaq
LFT,nyse
LFT-PA,nyse
LFUS,nasdaq
LFVN,nasdaq
LFWD,nasdaq
LGCL,nasdaq
LGCY,nysemkt
LGHL,nasdaq
LGI,nyse
LGIH,nasdaq
LGL,nysemkt
LGN,nasdaq
LGND,nasdaq
LGO,nasdaq
LGPS,nysemkt
LGVN,nasdaq
LH,nyse
LHAI,nasdaq
LHSW,nasdaq
LHX,nyse
LI,nasdaq
LICN,nasdaq
LIDR,nasdaq
LIDRW,nasdaq
LIEN,nasdaq
LIF,nasdaq
LIFE,nasdaq
LII,nyse
LILA,nasdaq
LILAK,nasdaq
LIMN,nasdaq
LIN,nasdaq
LINC,nasdaq
LIND,nasdaq
LINE,nasdaq
LINK,nasdaq
LINT,nasdaq
LION,nyse
LIQT,nasdaq
LITB,nyse
LITE,nasdaq
LITL,nyse
LITS,nasdaq
LITX,nyse
LIVE,nasdaq
LIVN,nasdaq
LIXT,nasdaq
LJUL,nyse
LKFN,nasdaq
LKFT,nasdaq
LKQ,nasdaq
LKSP,nasdaq
LKSPU,nasdaq
LLDR,nyse
LLY,nyse
LLYVA,nasdaq
LLYVK,nasdaq
LLYX,nyse
LMAT,nasdaq
LMB,nasdaq
LMFA,nasdaq
LMND,nyse
LMNR,nasdaq
LMNX,nasdaq
LMRI,nasdaq
LMT,nyse
LMUB,nyse
LNAI,nasdaq
LNC,nyse
LNC-PD,nyse
LND,nyse
LNG,nyse
LNGX,nyse
LNKB,nasdaq
LNKS,nasdaq
LNN,nyse
LNOK,nyse
LNSR,nasdaq
LNT,nasdaq
LNTH,nasdaq
LNZA,nasdaq
LNZAW,nasdaq
LOAN,nasdaq
LOAR,nyse
LOB,nyse
LOBO,nasdaq
LOCL,nyse
LOCO,nasdaq
LODE,nysemkt
LODI,nyse
LOGI,nasdaq
LOKV,nasdaq
LOKVW,nasdaq
LOMA,nyse
LONA,nasdaq
LOOP,nasdaq
LOPE,nasdaq
LOT,nasdaq
LOTI,nasdaq
LOTWW,nasdaq
LOVE,nasdaq
LOW,nyse
LPA,nysemkt
LPAA,nasdaq
LPAAU,nasdaq
LPAAW,nasdaq
LPBB,nasdaq
LPBBU,nasdaq
LPBBW,nasdaq
LPCN,nasdaq
LPCV,nasdaq
LPCVU,nasdaq
LPG,nyse
LPL,nyse
LPLA,nasdaq
LPRE,nyse
LPRO,nasdaq
LPSN,nasdaq
LPTH,nasdaq
LPX,nyse
LQ,nasdaq
LQDA,nasdaq
LQDM,nyse
LQDT,nasdaq
LQTI,nyse
LRCU,nyse
LRCX,nasdaq
LRE,nasdaq
LRGG,nyse
LRHC,nasdaq
LRMR,nasdaq
LRN,nyse
LSAK,nasdaq
LSBK,nasdaq
LSCC,nasdaq
LSE,nasdaq
LSF,nysemkt
LSH,nasdaq
LSPD,nyse
LST,nyse
LSTA,nasdaq
LSTR,nasdaq
LSVD,nyse
LTBR,nasdaq
LTC,nyse
LTCC,nasdaq
LTH,nyse
LTM,nyse
LTRN,nasdaq
LTRX,nasdaq
LTRYW,nasdaq
LTTI,nyse
LU,nyse
LUCD,nasdaq
LUCK,nyse
LUCY,nasdaq
LUD,nysemkt
LULG,nasdaq
LULU,nasdaq
LUMN,nyse
LUNG,nasdaq
LUNR,nasdaq
LUV,nyse
LUXE,nyse
LVDS,nasdaq
LVIG,nasdaq
LVLU,nasdaq
LVO,nasdaq
LVS,nyse
LVWR,nyse
LW,nyse
LWACW,nasdaq
LWAY,nasdaq
LWLG,nasdaq
LX,nasdaq
LXEH,nasdaq
LXEO,nasdaq
LXFR,nyse
LXP,nyse
LXP-PC,nyse
LXRX,nasdaq
LXU,nyse
LYB,nyse
LYEL,nasdaq
LYFT,nasdaq
LYG,nyse
LYLD,nyse
LYRA,nasdaq
LYTS,nasdaq
LYV,nyse
LZ,nasdaq
LZB,nyse
LZM,nyse
LZMH,nasdaq
M,nyse
MA,nyse
MAA,nyse
MAA-PI,nyse
MAAS,nasdaq
MAAY,nasdaq
MAC,nyse
MACIW,nasdaq
MADE,nyse
MAGC,nyse
MAGN,nyse
MAIA,nysemkt
MAIN,nyse
MAIR,nyse
MAKO,nasdaq
MAMA,nasdaq
MAMO,nasdaq
MAN,nyse
MANE,nyse
MANH,nasdaq
MANI,nyse
MANU,nyse
MAPS,nasdaq
MAR,nasdaq
MARA,nasdaq
MARO,nyse
MARPS,nasdaq
MAS,nyse
MASK,nasdaq
MASS,nasdaq
MAT,nasdaq
MATE,nasdaq
MATH,nasdaq
MATV,nyse
MATW,nasdaq
MATX,nyse
MAUG,nyse
MAVF,nyse
MAX,nyse
MAXJ,nyse
MAXNQ,nasdaq
MAYP,nyse
MAYS,nasdaq
MAYU,nyse
MAZE,nasdaq
MB,nasdaq
MBAI,nasdaq
MBAV,nasdaq
MBAVW,nasdaq
MBBC,nasdaq
MBC,nyse
MBI,nyse
MBIN,nasdaq
MBINL,nasdaq
MBINM,nasdaq
MBINN,nasdaq
MBIO,nasdaq
MBLY,nasdaq
MBNKO,nasdaq
MBOT,nasdaq
MBRX,nasdaq
MBSX,nyse
MBUU,nasdaq
MBVI,nasdaq
MBVIU,nasdaq
MBVIW,nasdaq
MBWM,nasdaq
MBX,nasdaq
MC,nyse
MCAHU,nasdaq
MCB,nyse
MCBS,nasdaq
MCD,nyse
MCFT,nasdaq
MCGA,nasdaq
MCGAU,nasdaq
MCGAW,nasdaq
MCHB,nasdaq
MCHP,nasdaq
MCHPP,nasdaq
MCHX,nasdaq
MCI,nyse
MCK,nyse
MCN,nyse
MCO,nyse
MCOW,nyse
MCR,nyse
MCRB,nasdaq
MCRI,nasdaq
MCRP,nysemkt
MCS,nyse
MCVT,nyse
MCW,nasdaq
MCY,nyse
MD,nyse
MDA,nyse
MDAI,nasdaq
MDAIW,nasdaq
MDB,nasdaq
MDBH,nasdaq
MDCX,nasdaq
MDCXW,nasdaq
MDGL,nasdaq
MDIA,nasdaq
MDLN,nasdaq
MDLZ,nasdaq
MDRR,nasdaq
MDST,nyse
MDT,nyse
MDU,nyse
MDV,nyse
MDV-PA,nyse
MDWD,nasdaq
MDXG,nasdaq
MDXH,nasdaq
MEC,nyse
MED,nyse
MEDP,nasdaq
MEGI,nyse
MEGL,nasdaq
MEHA,nasdaq
MEI,nyse
MELI,nasdaq
MEMA,nasdaq
MENS,nasdaq
MEOH,nasdaq
MER-PK,nyse
MERC,nasdaq
MESH,nasdaq
MESHU,nasdaq
MESO,nasdaq
MET,nyse
MET-PA,nyse
MET-PE,nyse
MET-PF,nyse
META,nasdaq
METC,nasdaq
METCB,nasdaq
METCI,nasdaq
METCZ,nasdaq
METL,nasdaq
MEVO,nasdaq
MFA,nyse
MFA-PB,nyse
MFA-PC,nyse
MFAN,nyse
MFAO,nyse
MFC,nyse
MFEB,nyse
MFG,nyse
MFI,nasdaq
MFIC,nasdaq
MFICL,nasdaq
MFIG,nasdaq
MFIN,nasdaq
MFM,nyse
MFMO,nasdaq
MFUT,nyse
MFVL,nasdaq
MG,nyse
MGA,nyse
MGEE,nasdaq
MGF,nyse
MGIH,nasdaq
MGLD,nysemkt
MGM,nyse
MGN,nasdaq
MGNI,nasdaq
MGNX,nasdaq
MGPI,nasdaq
MGR,nyse
MGRB,nyse
MGRC,nasdaq
MGRD,nyse
MGRE,nyse
MGRT,nasdaq
MGRX,nasdaq
MGTX,nasdaq
MGX,nasdaq
MGY,nyse
MGYR,nasdaq
MH,nyse
MHD,nyse
MHF,nyse
MHH,nysemkt
MHK,nyse
MHLA,nyse
MHNC,nyse
MHO,nyse
MHY,nyse
MI,nysemkt
MIAX,nyse
MIDD,nasdaq
MIGO,nyse
MILK,nyse
MIMI,nasdaq
MIN,nyse
MIND,nasdaq
MINY,nyse
MIR,nyse
MIRA,nasdaq
MIRM,nasdaq
MIST,nasdaq
MITK,nasdaq
MITN,nyse
MITP,nyse
MITQ,nysemkt
MITT,nyse
MITT-PA,nyse
MITT-PB,nyse
MITT-PC,nyse
MIY,nyse
MKC,nyse
MKC-V,nyse
MKDW,nasdaq
MKDWW,nasdaq
MKL,nyse
MKLY,nasdaq
MKLYU,nasdaq
MKSI,nasdaq
MKTN,nyse
MKTW,nasdaq
MKTX,nasdaq
MKZR,nasdaq
MLAA,nasdaq
MLAAU,nasdaq
MLAB,nasdaq
MLCI,nasdaq
MLCIL,nasdaq
MLCO,nasdaq
MLDR,nyse
MLEC,nasdaq
MLECW,nasdaq
MLGO,nasdaq
MLI,nyse
MLKN,nasdaq
MLM,nyse
MLP,nyse
MLPD,nyse
MLR,nyse
MLSS,nysemkt
MLTX,nasdaq
MLYS,nasdaq
MMA,nysemkt
MMD,nyse
MMED,nasdaq
MMI,nyse
MMK,nyse
MMKT,nyse
MMLP,nasdaq
MMM,nyse
MMMA,nyse
MMS,nyse
MMSD,nyse
MMSI,nasdaq
MMT,nyse
MMTX,nasdaq
MMTXU,nasdaq
MMU,nyse
MMYT,nasdaq
MNDO,nasdaq
MNDR,nasdaq
MNDY,nasdaq
MNKD,nasdaq
MNOV,nasdaq
MNPR,nasdaq
MNR,nyse
MNRO,nasdaq
MNRS,nyse
MNSB,nasdaq
MNSBP,nasdaq
MNSO,nyse
MNST,nasdaq
MNTK,nasdaq
MNTN,nyse
MNTS,nasdaq
MNTSW,nasdaq
MNVR,nyse
MNVT,nasdaq
MNY,nasdaq
MNYWW,nasdaq
MNZL,nasdaq
MO,nyse
MOB,nasdaq
MOBBW,nasdaq
MOBI,nasdaq
MOBX,nasdaq
MOBXW,nasdaq
MOD,nyse
MODD,nasdaq
MOG-A,nyse
MOG-B,nyse
MOGU,nyse
MOH,nyse
MOLN,nasdaq
MOMO,nasdaq
MORN,nasdaq
MOS,nyse
MOV,nyse
MOVE,nasdaq
MP,nyse
MPA,nyse
MPAA,nasdaq
MPB,nasdaq
MPC,nyse
MPG,nasdaq
MPL,nyse
MPLT,nasdaq
MPLX,nyse
MPT,nyse
MPTI,nysemkt
MPU,nysemkt
MPV,nyse
MPWR,nasdaq
MPX,nyse
MQ,nasdaq
MQY,nyse
MRAM,nasdaq
MRBK,nasdaq
MRCY,nasdaq
MRDN,nasdaq
MREO,nasdaq
MRK,nyse
MRKR,nasdaq
MRLN,nasdaq
MRM,nasdaq
MRNA,nasdaq
MRNO,nasdaq
MRNOW,nasdaq
MRNX,nyse
MRP,nyse
MRSH,nyse
MRT,nysemkt
MRTN,nasdaq
MRVI,nasdaq
MRVL,nasdaq
MRVU,nasdaq
MRX,nasdaq
MS,nyse
MS-PA,nyse
MS-PE,nyse
MS-PF,nyse
MS-PI,nyse
MS-PK,nyse
MS-PL,nyse
MS-PO,nyse
MS-PP,nyse
MS-PQ,nyse
MSA,nyse
MSAI,nasdaq
MSAIW,nasdaq
MSB,nyse
MSBI,nasdaq
MSBIP,nasdaq
MSC,nyse
MSCI,nyse
MSD,nyse
MSDL,nyse
MSEX,nasdaq
MSFT,nasdaq
MSGE,nyse
MSGM,nasdaq
MSGS,nyse
MSGY,nasdaq
MSI,nyse
MSIF,nyse
MSLC,nyse
MSLE,nasdaq
MSM,nyse
MSN,nysemkt
MSR,nasdaq
MSS,nasdaq
MSSM,nyse
MSTR,nasdaq
MSTU,nyse
MSTZ,nyse
MSW,nasdaq
MT,nyse
MTA,nysemkt
MTB,nyse
MTB-PH,nyse
MTB-PJ,nyse
MTC,nasdaq
MTCH,nasdaq
MTD,nyse
MTDR,nyse
MTEK,nasdaq
MTEKW,nasdaq
MTEN,nasdaq
MTEX,nasdaq
MTG,nyse
MTH,nyse
MTLS,nasdaq
MTN,nyse
MTNB,nysemkt
MTR,nyse
MTRN,nyse
MTRX,nasdaq
MTSI,nasdaq
MTUS,nyse
MTVA,nasdaq
MTW,nyse
MTX,nyse
MTYY,nasdaq
MTZ,nyse
MU,nasdaq
MUA,nyse
MUC,nyse
MUFG,nyse
MUJ,nyse
MUNA,nyse
MUNB,nyse
MUND,nyse
MUNX,nyse
MUR,nyse
MUSA,nyse
MUX,nyse
MUYY,nasdaq
MUZE,nasdaq
MUZEU,nasdaq
MVBF,nasdaq
MVIS,nasdaq
MVO,nyse
MVST,nasdaq
MVSTW,nasdaq
MWA,nyse
MWC,nasdaq
MWG,nysemkt
MWH,nasdaq
MWYN,nasdaq
MX,nyse
MXC,nysemkt
MXCT,nasdaq
MXE,nyse
MXF,nyse
MXL,nasdaq
MYCO,nasdaq
MYE,nyse
MYFW,nasdaq
MYGN,nasdaq
MYHA,nasdaq
MYHB,nasdaq
MYHC,nasdaq
MYHD,nasdaq
MYHE,nasdaq
MYI,nyse
MYMK,nasdaq
MYN,nyse
MYND,nysemkt
MYO,nysemkt
MYPS,nasdaq
MYPSW,nasdaq
MYRG,nasdaq
MYSE,nasdaq
MYSEW,nasdaq
MYSZ,nasdaq
MYX,nasdaq
MYXXU,nasdaq
MZTI,nasdaq
NAAS,nasdaq
NABL,nyse
NAC,nyse
NAD,nyse
NAGE,nasdaq
NAII,nasdaq
NAK,nysemkt
NAKA,nasdaq
NAMI,nasdaq
NAMM,nasdaq
NAMMW,nasdaq
NAMS,nasdaq
NAMSW,nasdaq
NAN,nyse
NASA,nyse
NAT,nyse
NATH,nasdaq
NATL,nyse
NATR,nasdaq
NAUG,nyse
NAUT,nasdaq
NAVI,nasdaq
NAVN,nasdaq
NAZ,nyse
NB,nasdaq
NBB,nyse
NBBK,nasdaq
NBCR,nyse
NBET,nyse
NBFC,nyse
NBFR,nyse
NBGX,nyse
NBH,nysemkt
NBHC,nyse
NBIE,nyse
NBIG,nasdaq
NBIL,nasdaq
NBIS,nasdaq
NBIX,nasdaq
NBJP,nyse
NBN,nasdaq
NBP,nasdaq
NBR,nyse
NBRG,nasdaq
NBRGU,nasdaq
NBSD,nyse
NBTB,nasdaq
NBTX,nasdaq
NBXG,nyse
NC,nyse
NCA,nyse
NCDL,nyse
NCEL,nasdaq
NCEW,nasdaq
NCI,nasdaq
NCL,nysemkt
NCLH,nyse
NCLO,nyse
NCMI,nasdaq
NCNA,nasdaq
NCNO,nasdaq
NCPL,nasdaq
NCRA,nasdaq
NCSM,nasdaq
NCT,nasdaq
NCTY,nasdaq
NCV,nyse
NCV-PA,nyse
NCZ,nyse
NCZ-PA,nyse
NDAQ,nasdaq
NDEC,nyse
NDLS,nasdaq
NDMO,nyse
NDOW,nyse
NDRA,nasdaq
NDSN,nasdaq
NE,nyse
NEA,nyse
NECB,nasdaq
NEE,nyse
NEE-PS,nyse
NEE-PT,nyse
NEGG,nasdaq
NEM,nyse
NEMD,nyse
NEMG,nasdaq
NEN,nysemkt
NEO,nasdaq
NEOG,nasdaq
NEON,nasdaq
NEOV,nasdaq
NEOVW,nasdaq
NEPH,nasdaq
NERV,nasdaq
NESR,nasdaq
NET,nyse
NETG,nasdaq
NEU,nyse
NEUP,nasdaq
NEWP,nysemkt
NEWT,nasdaq
NEWTG,nasdaq
NEWTH,nasdaq
NEWTI,nasdaq
NEWTP,nasdaq
NEXA,nyse
NEXM,nasdaq
NEXN,nasdaq
NEXR,nasdaq
NEXT,nasdaq
NFBK,nasdaq
NFE,nasdaq
NFEB,nyse
NFG,nyse
NFGC,nysemkt
NFJ,nyse
NFLU,nyse
NFLX,nasdaq
NFRX,nasdaq
NG,nysemkt
NGEN,nasdaq
NGG,nyse
NGHT,nasdaq
NGL,nyse
NGL-PB,nyse
NGL-PC,nyse
NGNE,nasdaq
NGS,nyse
NGVC,nyse
NGVT,nyse
NHC,nysemkt
NHI,nyse
NHIC,nasdaq
NHICW,nasdaq
NHP,nasdaq
NHPAP,nasdaq
NHPBP,nasdaq
NHS,nysemkt
NHTC,nasdaq
NHYB,nyse
NHYM,nyse
NI,nyse
NIC,nyse
NICE,nasdaq
NICM,nasdaq
NIE,nyse
NIM,nyse
NINE,nyse
NIO,nyse
NIOBW,nasdaq
NIOG,nasdaq
NIPG,nasdaq
NIQ,nyse
NIU,nasdaq
NIVF,nasdaq
NIVFW,nasdaq
NIXX,nasdaq
NJNK,nyse
NJR,nyse
NJUN,nyse
NKE,nyse
NKLR,nasdaq
NKSH,nasdaq
NKTR,nasdaq
NKTX,nasdaq
NKX,nyse
NL,nyse
NLOP,nyse
NLY,nyse
NLY-PF,nyse
NLY-PG,nyse
NLY-PI,nyse
NMAI,nyse
NMAX,nyse
NMB,nyse
NMBL,nyse
NMCO,nyse
NMFC,nasdaq
NMFCZ,nasdaq
NMG,nyse
NMI,nyse
NMIH,nasdaq
NML,nysemkt
NMM,nyse
NMR,nyse
NMRA,nasdaq
NMRK,nasdaq
NMS,nyse
NMT,nyse
NMTC,nasdaq
NMZ,nyse
NN,nasdaq
NNAVW,nasdaq
NNBR,nasdaq
NNDM,nasdaq
NNE,nasdaq
NNI,nyse
NNN,nyse
NNNN,nasdaq
NNOV,nyse
NNOX,nasdaq
NNVC,nysemkt
NNY,nyse
NOA,nyse
NOAH,nyse
NOC,nyse
NODK,nasdaq
NOEM,nasdaq
NOEMW,nasdaq
NOG,nyse
NOK,nyse
NOMA,nasdaq
NOMD,nyse
NOV,nyse
NOVM,nyse
NOVP,nyse
NOVT,nasdaq
NOVTU,nasdaq
NOW,nyse
NP,nyse
NPAC,nasdaq
NPACU,nasdaq
NPB,nyse
NPCE,nasdaq
NPCT,nyse
NPFD,nyse
NPK,nyse
NPKI,nyse
NPO,nyse
NPT,nasdaq
NPV,nyse
NPWR,nyse
NRC,nasdaq
NRDS,nasdaq
NRDY,nyse
NREF,nyse
NREF-PA,nyse
NRG,nyse
NRGV,nyse
NRIM,nasdaq
NRIX,nasdaq
NRK,nyse
NRO,nysemkt
NRP,nyse
NRSN,nasdaq
NRSNW,nasdaq
NRT,nyse
NRUC,nyse
NRXP,nasdaq
NRXS,nysemkt
NSA,nyse
NSA-PA,nyse
NSA-PB,nyse
NSC,nyse
NSCI,nyse
NSEP,nyse
NSIT,nasdaq
NSP,nyse
NSPR,nasdaq
NSRX,nysemkt
NSSC,nasdaq
NSTS,nasdaq
NSYS,nasdaq
NTAP,nasdaq
NTB,nyse
NTCL,nasdaq
NTCT,nasdaq
NTES,nasdaq
NTGR,nasdaq
NTHI,nasdaq
NTIC,nasdaq
NTIP,nysemkt
NTLA,nasdaq
NTNX,nasdaq
NTR,nyse
NTRA,nasdaq
NTRB,nasdaq
NTRBW,nasdaq
NTRP,nasdaq
NTRS,nasdaq
NTRSO,nasdaq
NTSD,nasdaq
NTSK,nasdaq
NTST,nyse
NTWK,nasdaq
NTWO,nasdaq
NTWOU,nasdaq
NTWOW,nasdaq
NTZ,nyse
NU,nyse
NUAI,nasdaq
NUAIW,nasdaq
NUCL,nasdaq
NUE,nyse
NUG,nasdaq
NUGY,nasdaq
NUKX,nyse
NUMI,nyse
NUS,nyse
NUTX,nasdaq
NUV,nyse
NUVB,nyse
NUVL,nasdaq
NUW,nyse
NUWE,nasdaq
NVA,nasdaq
NVAX,nasdaq
NVBU,nyse
NVCR,nasdaq
NVCT,nasdaq
NVDA,nasdaq
NVDB,nyse
NVDW,nyse
NVEC,nasdaq
NVG,nysemkt
NVGS,nyse
NVMI,nasdaq
NVNI,nasdaq
NVNIW,nasdaq
NVNO,nasdaq
NVO,nyse
NVOH,nyse
NVOX,nyse
NVR,nyse
NVRI,nyse
NVS,nyse
NVST,nyse
NVT,nyse
NVTS,nasdaq
NVVE,nasdaq
NVX,nasdaq
NWAX,nyse
NWBI,nasdaq
NWE,nasdaq
NWFL,nasdaq
NWG,nyse
NWGL,nasdaq
NWL,nasdaq
NWN,nyse
NWPX,nasdaq
NWS,nasdaq
NWSA,nasdaq
NWTG,nasdaq
NX,nyse
NXDR,nyse
NXDT,nyse
NXDT-PA,nyse
NXE,nyse
NXG,nyse
NXGL,nasdaq
NXL,nasdaq
NXP,nyse
NXPI,nasdaq
NXPL,nasdaq
NXRT,nyse
NXST,nasdaq
NXT,nasdaq
NXTC,nasdaq
NXTI,nyse
NXTS,nasdaq
NXTT,nasdaq
NXUS,nyse
NXXT,nasdaq
NYAX,nasdaq
NYC,nyse
NYSX,nyse
NYT,nyse
NYXH,nasdaq
NYYY,nyse
NZF,nyse
O,nyse
OABI,nasdaq
OACC,nasdaq
OACCW,nasdaq
OAK-PA,nyse
OAK-PB,nyse
OAKG,nyse
OAKI,nyse
OAKM,nyse
OAKUW,nasdaq
OASC,nyse
OBA,nasdaq
OBAI,nasdaq
OBAWU,nasdaq
OBAWW,nasdaq
OBDC,nyse
OBE,nysemkt
OBIO,nasdaq
OBK,nyse
OBT,nasdaq
OBTC,nasdaq
OC,nyse
OCC,nasdaq
OCCI,nasdaq
OCCIM,nasdaq
OCCIN,nasdaq
OCCIO,nasdaq
OCDB,nyse
OCFC,nasdaq
OCG,nasdaq
OCGN,nasdaq
OCS,nasdaq
OCSL,nasdaq
OCTB,nyse
OCTM,nyse
OCTP,nyse
OCTU,nyse
OCUL,nasdaq
ODC,nyse
ODD,nasdaq
ODFL,nasdaq
ODTE,nasdaq
ODTX,nasdaq
ODV,nyse
ODVWZ,nasdaq
ODYS,nasdaq
OEC,nyse
OEFA,nyse
OEI,nyse
OESX,nasdaq
OFAL,nasdaq
OFG,nyse
OFIX,nasdaq
OFLX,nasdaq
OFRM,nyse
OFS,nasdaq
OFSSH,nasdaq
OFSSO,nasdaq
OGCP,nyse
OGE,nyse
OGEN,nysemkt
OGI,nasdaq
OGN,nyse
OGS,nyse
OGSP,nyse
OHI,nyse
OI,nyse
OIA,nyse
OII,nyse
OIM,nasdaq
OIMAU,nasdaq
OIO,nasdaq
OIS,nyse
OKE,nyse
OKLO,nyse
OKTA,nasdaq
OKTG,nasdaq
OKUR,nasdaq
OKYO,nasdaq
OLB,nasdaq
OLED,nasdaq
OLLI,nasdaq
OLMA,nasdaq
OLN,nyse
OLOX,nasdaq
OLP,nyse
OLPX,nasdaq
OM,nasdaq
OMAB,nasdaq
OMAH,nyse
OMC,nyse
OMCL,nasdaq
OMDA,nasdaq
OMER,nasdaq
OMEX,nasdaq
OMF,nyse
OMH,nasdaq
OMSE,nasdaq
ON,nasdaq
ONB,nasdaq
ONBPO,nasdaq
ONBPP,nasdaq
ONC,nasdaq
ONCH,nasdaq
ONCHU,nasdaq
ONCHW,nasdaq
ONCO,nasdaq
ONCY,nasdaq
ONDG,nasdaq
ONDS,nasdaq
ONEG,nasdaq
ONEH,nyse
ONEW,nasdaq
ONEZ,nyse
ONFO,nasdaq
ONFOW,nasdaq
ONIT,nyse
ONL,nyse
ONMD,nasdaq
ONMDW,nasdaq
ONON,nyse
ONT,nyse
ONTO,nyse
OOMA,nyse
OOSP,nyse
OPAD,nyse
OPAL,nasdaq
OPBK,nasdaq
OPCH,nasdaq
OPEG,nasdaq
OPEN,nasdaq
OPENL,nasdaq
OPENW,nasdaq
OPENZ,nasdaq
OPEX,nyse
OPFI,nyse
OPHC,nysemkt
OPK,nasdaq
OPLN,nyse
OPP,nyse
OPP-PA,nyse
OPP-PB,nyse
OPP-PC,nysemkt
OPPE,nyse
OPRA,nasdaq
OPRT,nasdaq
OPRX,nasdaq
OPTT,nysemkt
OPTU,nyse
OPTX,nasdaq
OPTXW,nasdaq
OPXS,nasdaq
OPY,nyse
OR,nyse
ORA,nyse
ORBS,nasdaq
ORBX,nasdaq
ORC,nyse
ORCL,nyse
ORCS,nasdaq
ORCU,nasdaq
ORGN,nasdaq
ORGNW,nasdaq
ORGO,nasdaq
ORI,nyse
ORIC,nasdaq
ORIO,nasdaq
ORIQ,nasdaq
ORIQU,nasdaq
ORIQW,nasdaq
ORIS,nasdaq
ORKA,nasdaq
ORKT,nasdaq
ORLA,nysemkt
ORLG,nasdaq
ORLY,nasdaq
ORMP,nasdaq
ORN,nyse
ORRF,nasdaq
OSBC,nasdaq
OSCG,nasdaq
OSCR,nyse
OSCX,nasdaq
OSG,nyse
OSIS,nasdaq
OSK,nyse
OSPN,nasdaq
OSRH,nasdaq
OSRHW,nasdaq
OSS,nasdaq
OSTX,nysemkt
OSUR,nasdaq
OSW,nasdaq
OTEX,nasdaq
OTF,nyse
OTGA,nasdaq
OTGAU,nasdaq
OTGAW,nasdaq
OTIS,nyse
OTLK,nasdaq
OTLY,nasdaq
OTTR,nasdaq
OUST,nasdaq
OUT,nyse
OVBC,nasdaq
OVID,nasdaq
OVLY,nasdaq
OVV,nyse
OWL,nyse
OWLS,nasdaq
OWLT,nyse
OXBR,nasdaq
OXBRW,nasdaq
OXLC,nasdaq
OXLCG,nasdaq
OXLCI,nasdaq
OXLCL,nasdaq
OXLCM,nasdaq
OXLCN,nasdaq
OXLCO,nasdaq
OXLCP,nasdaq
OXLCZ,nasdaq
OXM,nyse
OXSQ,nasdaq
OXSQG,nasdaq
OXSQH,nasdaq
OXY,nyse
OYSE,nasdaq
OZ,nysemkt
OZK,nasdaq
OZKAP,nasdaq
P,nyse
PAA,nasdaq
PAAS,nyse
PAC,nyse
PACB,nasdaq
PACH,nasdaq
PACK,nyse
PACS,nyse
PAG,nyse
PAGP,nasdaq
PAGS,nyse
PAHC,nasdaq
PAI,nyse
PAII,nyse
PAL,nasdaq
PALI,nasdaq
PALO,nasdaq
PAM,nyse
PAMT,nasdaq
PANL,nasdaq
PANW,nasdaq
PAPL,nysemkt
PAR,nyse
PARK,nasdaq
PARR,nysemkt
PASG,nasdaq
PASW,nasdaq
PATH,nyse
PATK,nasdaq
PAVM,nasdaq
PAVS,nasdaq
PAX,nasdaq
PAXS,nyse
PAY,nyse
PAYC,nyse
PAYO,nasdaq
PAYP,nasdaq
PAYS,nasdaq
PAYX,nasdaq
PB,nyse
PBA,nyse
PBAU,nyse
PBDE,nyse
PBEU,nasdaq
PBF,nyse
PBFR,nyse
PBFS,nasdaq
PBH,nyse
PBHC,nasdaq
PBI,nyse
PBI-PB,nyse
PBJL,nyse
PBJN,nyse
PBM,nasdaq
PBMWW,nasdaq
PBMY,nyse
PBNV,nyse
PBOC,nyse
PBOG,nasdaq
PBOT,nyse
PBPH,nasdaq
PBR,nyse
PBR-A,nyse
PBRG,nasdaq
PBSE,nyse
PBT,nyse
PBYI,nasdaq
PCAP,nasdaq
PCAPU,nasdaq
PCAPW,nasdaq
PCAR,nasdaq
PCB,nasdaq
PCF,nyse
PCFI,nyse
PCG,nyse
PCG-PA,nysemkt
PCG-PB,nysemkt
PCG-PC,nysemkt
PCG-PD,nysemkt
PCG-PE,nysemkt
PCG-PH,nysemkt
PCG-PI,nysemkt
PCG-PX,nyse
PCHI,nyse
PCLA,nasdaq
PCLG,nyse
PCLO,nyse
PCM,nyse
PCN,nyse
PCOR,nyse
PCPI,nasdaq
PCQ,nyse
PCR,nyse
PCRX,nasdaq
PCSA,nasdaq
PCSC,nasdaq
PCT,nasdaq
PCTTU,nasdaq
PCTTW,nasdaq
PCTY,nasdaq
PCVX,nasdaq
PCYO,nasdaq
PD,nyse
PDC,nasdaq
PDCC,nyse
PDD,nasdaq
PDEX,nasdaq
PDFS,nasdaq
PDI,nyse
PDLB,nasdaq
PDM,nyse
PDO,nyse
PDPA,nyse
PDS,nyse
PDSB,nasdaq
PDT,nyse
PDX,nyse
PDYN,nasdaq
PDYNW,nasdaq
PEB,nyse
PEB-PE,nyse
PEB-PF,nyse
PEB-PG,nyse
PEB-PH,nyse
PEBK,nasdaq
PEBO,nasdaq
PECO,nasdaq
PED,nysemkt
PEG,nyse
PEGA,nasdaq
PEN,nyse
PENG,nasdaq
PENN,nasdaq
PEP,nasdaq
PEPG,nasdaq
PERF,nyse
PERI,nasdaq
PESI,nasdaq
PETS,nasdaq
PETZ,nasdaq
PEVC,nyse
PEW,nyse
PFAI,nasdaq
PFBC,nasdaq
PFD,nyse
PFDE,nasdaq
PFE,nyse
PFG,nasdaq
PFGC,nyse
PFH,nyse
PFIS,nasdaq
PFL,nyse
PFLT,nyse
PFN,nyse
PFO,nyse
PFOE,nasdaq
PFS,nyse
PFSA,nasdaq
PFSI,nyse
PFX,nasdaq
PFXNZ,nasdaq
PG,nyse
PGAC,nasdaq
PGC,nasdaq
PGEN,nasdaq
PGNY,nasdaq
PGP,nyse
PGR,nyse
PGRI,nyse
PGY,nasdaq
PGYWW,nasdaq
PGZ,nyse
PH,nyse
PHAR,nasdaq
PHAT,nasdaq
PHG,nyse
PHGE,nysemkt
PHI,nyse
PHIN,nyse
PHIO,nasdaq
PHK,nyse
PHM,nyse
PHOE,nasdaq
PHR,nyse
PHUN,nasdaq
PHVS,nasdaq
PHYS,nyse
PI,nasdaq
PICS,nasdaq
PIEQ,nyse
PII,nyse
PIII,nasdaq
PIM,nyse
PINE,nyse
PINS,nyse
PIPE,nyse
PIPR,nyse
PJT,nyse
PK,nyse
PKBK,nasdaq
PKE,nyse
PKG,nyse
PKOH,nasdaq
PKST,nyse
PKX,nyse
PL,nyse
PLAB,nasdaq
PLAG,nysemkt
PLAY,nasdaq
PLBC,nasdaq
PLBL,nasdaq
PLBY,nasdaq
PLCE,nasdaq
PLD,nyse
PLG,nysemkt
PLGI,nyse
PLGO,nyse
PLMK,nasdaq
PLMKW,nasdaq
PLMR,nasdaq
PLNT,nyse
PLOW,nyse
PLPC,nasdaq
PLRX,nasdaq
PLRZ,nasdaq
PLSE,nasdaq
PLSM,nasdaq
PLTA,nyse
PLTK,nasdaq
PLTR,nasdaq
PLTW,nyse
PLUG,nasdaq
PLUL,nasdaq
PLUR,nasdaq
PLUS,nasdaq
PLUT,nasdaq
PLX,nysemkt
PLXS,nasdaq
PLYX,nasdaq
PLYY,nasdaq
PM,nyse
PMAX,nasdaq
PMCB,nasdaq
PMEC,nasdaq
PMI,nysemkt
PMIO,nyse
PML,nyse
PMM,nyse
PMMF,nyse
PMN,nasdaq
PMNT,nysemkt
PMO,nyse
PMT,nyse
PMT-PA,nyse
PMT-PB,nyse
PMT-PC,nyse
PMTR,nasdaq
PMTRW,nasdaq
PMTS,nasdaq
PMTU,nyse
PMTV,nyse
PMVP,nasdaq
PN,nasdaq
PNBK,nasdaq
PNC,nyse
PNFP,nasdaq
PNI,nyse
PNNT,nyse
PNR,nyse
PNRG,nasdaq
PNTG,nasdaq
PNW,nyse
POAS,nyse
POCI,nasdaq
PODC,nasdaq
PODD,nasdaq
POET,nasdaq
POLA,nasdaq
POLE,nasdaq
POM,nasdaq
PONOU,nasdaq
PONY,nasdaq
POOL,nasdaq
POR,nyse
POST,nyse
POW,nyse
POWI,nasdaq
POWL,nasdaq
POWR,nyse
POWW,nasdaq
POWWP,nasdaq
PPBT,nasdaq
PPC,nasdaq
PPCB,nasdaq
PPG,nyse
PPHC,nasdaq
PPIH,nasdaq
PPL,nyse
PPSI,nasdaq
PPT,nyse
PPTA,nasdaq
PQNT,nyse
PQUS,nyse
PR,nyse
PRA,nyse
PRAA,nasdaq
PRAB,nyse
PRAX,nasdaq
PRCH,nasdaq
PRCS,nyse
PRCT,nasdaq
PRDO,nasdaq
PRE,nasdaq
PRFX,nasdaq
PRG,nyse
PRGO,nyse
PRGS,nasdaq
PRH,nyse
PRHI,nasdaq
PRHIZ,nasdaq
PRI,nyse
PRIF-PD,nyse
PRIF-PK,nyse
PRIF-PL,nyse
PRIM,nyse
PRIV,nyse
PRK,nysemkt
PRKS,nyse
PRLB,nyse
PRLD,nasdaq
PRM,nyse
PRMB,nyse
PRME,nasdaq
PRMR,nasdaq
PROF,nasdaq
PROK,nasdaq
PROP,nasdaq
PROV,nasdaq
PRPL,nasdaq
PRPO,nasdaq
PRQR,nasdaq
PRS,nyse
PRSO,nasdaq
PRSU,nyse
PRT,nyse
PRTA,nasdaq
PRTH,nasdaq
PRTO,nyse
PRTS,nasdaq
PRU,nyse
PRVA,nasdaq
PRVS,nyse
PRXG,nyse
PRXV,nyse
PRZO,nasdaq
PS,nyse
PSA,nyse
PSA-PF,nyse
PSA-PG,nyse
PSA-PH,nyse
PSA-PI,nyse
PSA-PJ,nyse
PSA-PK,nyse
PSA-PL,nyse
PSA-PM,nyse
PSA-PN,nyse
PSA-PO,nyse
PSA-PP,nyse
PSA-PQ,nyse
PSA-PR,nyse
PSA-PS,nyse
PSAI,nyse
PSBD,nyse
PSEC,nasdaq
PSEC-PA,nyse
PSFE,nyse
PSHG,nasdaq
PSIG,nasdaq
PSIX,nasdaq
PSKY,nasdaq
PSLV,nyse
PSMT,nasdaq
PSN,nyse
PSNL,nasdaq
PSNY,nasdaq
PSNYW,nasdaq
PSO,nyse
PSQA,nyse
PSQH,nyse
PSQO,nyse
PSTL,nyse
PSTV,nasdaq
PSUS,nyse
PSX,nyse
PTA,nyse
PTACU,nasdaq
PTC,nasdaq
PTCT,nasdaq
PTEN,nasdaq
PTGX,nasdaq
PTHS,nysemkt
PTLE,nasdaq
PTLO,nasdaq
PTON,nasdaq
PTOR,nasdaq
PTRN,nasdaq
PUBM,nasdaq
PUK,nyse
PULM,nasdaq
PUMP,nyse
PURR,nasdaq
PUSH,nyse
PVEX,nyse
PVH,nyse
PVL,nyse
PVLA,nasdaq
PW,nysemkt
PW-PA,nysemkt
PWP,nasdaq
PWR,nyse
PXED,nyse
PXLW,nasdaq
PXS,nasdaq
PYPD,nasdaq
PYPL,nasdaq
PYPU,nyse
PYT,nyse
PYXS,nasdaq
PZG,nysemkt
PZIV,nyse
PZLV,nyse
PZZA,nasdaq
QBER,nyse
QBF,nyse
QBTS,nyse
QBTZ,nasdaq
QBUL,nyse
QBY,nasdaq
QCAP,nyse
QCJA,nyse
QCJL,nyse
QCLS,nasdaq
QCOC,nyse
QCOM,nasdaq
QCRH,nasdaq
QDEL,nasdaq
QDVO,nyse
QETA,nasdaq
QETAU,nasdaq
QETH,nyse
QEW,nasdaq
QFIN,nasdaq
QGEN,nyse
QIDX,nyse
QLDY,nasdaq
QLYS,nasdaq
QMAG,nyse
QMCO,nasdaq
QMFE,nyse
QMMY,nyse
QMNV,nyse
QNC,nysemkt
QNCX,nasdaq
QNRX,nasdaq
QNST,nasdaq
QNTM,nasdaq
QQQX,nasdaq
QRED,nyse
QRHC,nasdaq
QRVO,nasdaq
QS,nasdaq
QSEA,nasdaq
QSI,nasdaq
QSR,nyse
QSU,nyse
QTI,nasdaq
QTPI,nyse
QTRX,nasdaq
QTTB,nasdaq
QTWO,nyse
QUAD,nyse
QUBT,nasdaq
QUCY,nasdaq
QUIK,nasdaq
QUIZ,nyse
QUMSU,nasdaq
QURE,nasdaq
QUSA,nyse
QVCAQ,nasdaq
QVCPQ,nasdaq
QVMT,nyse
QVOL,nasdaq
QXL,nasdaq
QXO,nyse
R,nyse
RA,nyse
RAAA,nyse
RAAQ,nasdaq
RAAQW,nasdaq
RAAR,nyse
RAC,nyse
RACE,nyse
RADX,nasdaq
RAIL,nasdaq
RAIN,nasdaq
RAINW,nasdaq
RAMP,nyse
RAND,nasdaq
RANI,nasdaq
RAPP,nasdaq
RARE,nasdaq
RAUS,nasdaq
RAVE,nasdaq
RAY,nasdaq
RAYA,nasdaq
RBA,nyse
RBB,nasdaq
RBBN,nasdaq
RBC,nyse
RBCAA,nasdaq
RBKB,nasdaq
RBLX,nyse
RBLY,nyse
RBNE,nasdaq
RBRK,nyse
RBUF,nyse
RC,nyse
RC-PC,nyse
RC-PE,nyse
RCAT,nasdaq
RCAX,nasdaq
RCD,nyse
RCEL,nasdaq
RCG,nysemkt
RCI,nyse
RCKT,nasdaq
RCKTW,nasdaq
RCKY,nasdaq
RCL,nyse
RCLO,nyse
RCLR,nyse
RCMT,nasdaq
RCON,nasdaq
RCS,nyse
RCT,nasdaq
RCTR,nyse
RCUS,nyse
RDAC,nasdaq
RDAG,nasdaq
RDAGW,nasdaq
RDCM,nasdaq
RDDT,nyse
RDGT,nasdaq
RDHL,nasdaq
RDI,nasdaq
RDIB,nasdaq
RDN,nyse
RDNT,nasdaq
RDNW,nasdaq
RDTE,nyse
RDVT,nasdaq
RDW,nyse
RDWR,nasdaq
RDY,nyse
RDYY,nyse
RDZN,nasdaq
RDZNW,nasdaq
REA,nyse
REAL,nasdaq
REAX,nasdaq
REBN,nasdaq
RECT,nasdaq
REE,nasdaq
REED,nysemkt
REFI,nasdaq
REFR,nasdaq
REG,nasdaq
REGCO,nasdaq
REGCP,nasdaq
REGN,nasdaq
REGS,nyse
REI,nysemkt
REKR,nasdaq
RELL,nasdaq
RELX,nyse
RELY,nasdaq
REMC,nyse
RENT,nasdaq
RENX,nasdaq
REPL,nasdaq
REPX,nysemkt
RERE,nyse
RES,nyse
RESM,nyse
RETO,nasdaq
REVB,nasdaq
REX,nyse
REXC,nasdaq
REXR,nyse
REXR-PB,nyse
REXR-PC,nyse
REYN,nasdaq
REZI,nyse
RF,nyse
RF-PC,nyse
RF-PE,nyse
RF-PF,nyse
RFAI,nasdaq
RFAM,nasdaq
RFAMU,nasdaq
RFI,nyse
RFIL,nasdaq
RFIX,nyse
RFL,nyse
RFLR,nyse
RFM,nyse
RFMZ,nyse
RGA,nyse
RGC,nasdaq
RGCO,nasdaq
RGEF,nyse
RGEN,nasdaq
RGLD,nasdaq
RGNT,nysemkt
RGNX,nasdaq
RGP,nasdaq
RGR,nyse
RGS,nasdaq
RGT,nyse
RGTI,nasdaq
RGTIW,nasdaq
RGTU,nyse
RGTZ,nasdaq
RGYY,nasdaq
RH,nyse
RHI,nyse
RHLD,nyse
RHP,nyse
RIBB,nasdaq
RIBBU,nasdaq
RICK,nasdaq
RIG,nyse
RIGL,nasdaq
RILA,nyse
RILY,nasdaq
RILYG,nasdaq
RILYL,nasdaq
RILYN,nasdaq
RILYP,nasdaq
RILYT,nasdaq
RILYZ,nasdaq
RIME,nasdaq
RIO,nyse
RIOT,nasdaq
RIOX,nyse
RITM,nyse
RITM-PA,nyse
RITM-PB,nyse
RITM-PC,nyse
RITM-PD,nyse
RITR,nasdaq
RIV,nyse
RIV-PA,nyse
RIVN,nasdaq
RJDI,nyse
RJET,nasdaq
RJF,nyse
RJMI,nyse
RJVI,nyse
RKDA,nasdaq
RKLB,nasdaq
RKLZ,nasdaq
RKNG,nasdaq
RKT,nyse
RL,nyse
RLAY,nasdaq
RLGT,nysemkt
RLI,nyse
RLJ,nyse
RLJ-PA,nyse
RLMD,nasdaq
RLTY,nyse
RLX,nyse
RLYB,nasdaq
RM,nyse
RMAX,nyse
RMBI,nasdaq
RMBS,nasdaq
RMCA,nyse
RMCF,nasdaq
RMCO,nasdaq
RMCOW,nasdaq
RMD,nyse
RMI,nyse
RMIX,nasdaq
RMM,nyse
RMMZ,nyse
RMNI,nasdaq
RMNY,nyse
RMOP,nyse
RMR,nasdaq
RMRC,nyse
RMSG,nasdaq
RMSGW,nasdaq
RMT,nyse
RMTI,nasdaq
RNA,nasdaq
RNAC,nasdaq
RNAZ,nasdaq
RND,nyse
RNG,nyse
RNGR,nyse
RNGT,nasdaq
RNGTU,nasdaq
RNGTW,nasdaq
RNP,nyse
RNR,nyse
RNR-PF,nyse
RNR-PG,nyse
RNST,nyse
RNTX,nasdaq
RNTY,nyse
RNW,nasdaq
RNWWW,nasdaq
RNXT,nasdaq
ROAD,nasdaq
ROBN,nyse
ROC,nasdaq
ROCK,nasdaq
ROCQ,nasdaq
ROCY,nasdaq
ROG,nyse
ROIV,nasdaq
ROK,nyse
ROKU,nasdaq
ROL,nyse
ROLR,nysemkt
ROMA,nasdaq
RONB,nyse
ROOT,nasdaq
ROP,nasdaq
ROPE,nyse
ROST,nasdaq
RPAY,nasdaq
RPC,nyse
RPD,nasdaq
RPGL,nasdaq
RPID,nasdaq
RPM,nyse
RPRX,nasdaq
RPT,nyse
RQI,nyse
RR,nasdaq
RRBI,nasdaq
RRC,nyse
RREVU,nasdaq
RRGB,nasdaq
RRR,nasdaq
RRX,nyse
RS,nyse
RSBA,nyse
RSBY,nyse
RSDE,nyse
RSF,nyse
RSG,nyse
RSI,nyse
RSJN,nyse
RSKD,nyse
RSMC,nyse
RSMR,nyse
RSMV,nyse
RSPA,nyse
RSSE,nyse
RSSL,nyse
RSSS,nasdaq
RSSY,nyse
RSVR,nasdaq
RTAC,nasdaq
RTACU,nasdaq
RTACW,nasdaq
RTB,nasdaq
RTO,nyse
RTRE,nyse
RTX,nyse
RTYY,nasdaq
RUBI,nasdaq
RUM,nasdaq
RUMBW,nasdaq
RUN,nasdaq
RUSHA,nasdaq
RUSHB,nasdaq
RVI,nyse
RVLV,nyse
RVMD,nasdaq
RVMDW,nasdaq
RVP,nysemkt
RVPH,nasdaq
RVSB,nasdaq
RVSN,nasdaq
RVSNW,nasdaq
RVT,nyse
RVTY,nyse
RW,nyse
RWAY,nasdaq
RWAYI,nasdaq
RWAYL,nasdaq
RWEM,nyse
RWIN,nasdaq
RWLC,nyse
RWT,nyse
RWT-PA,nyse
RWTN,nyse
RWTO,nyse
RWTP,nyse
RXO,nyse
RXRX,nasdaq
RXST,nasdaq
RXT,nasdaq
RY,nyse
RYAAY,nasdaq
RYAM,nyse
RYAN,nyse
RYDE,nysemkt
RYET,nasdaq
RYM,nasdaq
RYN,nyse
RYOJ,nasdaq
RYTM,nasdaq
RYZ,nyse
RZC,nyse
RZLT,nasdaq
RZLV,nasdaq
RZLVW,nasdaq
S,nyse
SA,nyse
SAAQ,nasdaq
SAAQU,nasdaq
SABA,nyse
SABR,nasdaq
SABS,nasdaq
SABSW,nasdaq
SAC,nyse
SACH,nysemkt
SACH-PA,nysemkt
SAFE,nyse
SAFT,nasdaq
SAFX,nasdaq
SAGT,nasdaq
SAH,nyse
SAIA,nasdaq
SAIC,nasdaq
SAIH,nasdaq
SAIHW,nasdaq
SAIL,nasdaq
SAJ,nyse
SAM,nyse
SAMG,nasdaq
SAN,nyse
SANA,nasdaq
SANG,nasdaq
SANM,nasdaq
SAP,nyse
SAPH,nyse
SAR,nyse
SARO,nyse
SASS,nyse
SAT,nyse
SATA,nasdaq
SATG,nasdaq
SATL,nasdaq
SAWS,nyse
SAY,nyse
SAZ,nyse
SB,nyse
SB-PC,nyse
SB-PD,nyse
SBAC,nasdaq
SBAR,nyse
SBC,nasdaq
SBCF,nasdaq
SBCWW,nasdaq
SBET,nasdaq
SBEV,nysemkt
SBFG,nasdaq
SBFM,nasdaq
SBGI,nasdaq
SBH,nyse
SBI,nysemkt
SBIL,nyse
SBLK,nasdaq
SBMT,nysemkt
SBR,nyse
SBRA,nasdaq
SBS,nyse
SBSI,nyse
SBSW,nyse
SBU,nasdaq
SBUX,nasdaq
SBXD,nyse
SCAG,nasdaq
SCAGW,nasdaq
SCCD,nysemkt
SCCE,nysemkt
SCCF,nysemkt
SCCG,nysemkt
SCCO,nyse
SCCR,nyse
SCD,nyse
SCDV,nyse
SCE-PG,nyse
SCE-PL,nyse
SCE-PM,nyse
SCE-PN,nyse
SCHL,nasdaq
SCHW,nyse
SCHW-PD,nyse
SCHW-PJ,nyse
SCI,nyse
SCII,nasdaq
SCKT,nasdaq
SCL,nyse
SCLX,nasdaq
SCM,nyse
SCNI,nasdaq
SCNX,nasdaq
SCOR,nasdaq
SCOW,nyse
SCPQ,nasdaq
SCPQU,nasdaq
SCSC,nasdaq
SCUS,nyse
SCWO,nasdaq
SCYX,nasdaq
SCZM,nasdaq
SD,nyse
SDA,nasdaq
SDAWW,nasdaq
SDFI,nyse
SDGR,nasdaq
SDHC,nyse
SDHI,nasdaq
SDHIU,nasdaq
SDHY,nyse
SDMF,nyse
SDOT,nasdaq
SDRL,nyse
SDST,nasdaq
SDSTW,nasdaq
SE,nyse
SEAL-PA,nyse
SEAL-PB,nyse
SEAT,nasdaq
SEATW,nasdaq
SEB,nysemkt
SECR,nyse
SEDG,nasdaq
SEED,nasdaq
SEER,nasdaq
SEG,nyse
SEGG,nasdaq
SEI,nyse
SEIC,nasdaq
SELF,nasdaq
SELX,nasdaq
SEM,nyse
SEMY,nasdaq
SENEA,nasdaq
SENEB,nasdaq
SENS,nasdaq
SEPM,nyse
SEPN,nasdaq
SEPP,nyse
SEPU,nyse
SER,nysemkt
SERA,nasdaq
SERV,nasdaq
SES,nyse
SEV,nasdaq
SEVN,nasdaq
SEZL,nasdaq
SF,nyse
SF-PB,nyse
SF-PC,nyse
SF-PD,nyse
SFB,nyse
SFBC,nasdaq
SFBS,nyse
SFD,nasdaq
SFGV,nyse
SFHG,nasdaq
SFIX,nasdaq
SFL,nyse
SFM,nasdaq
SFNC,nasdaq
SFST,nasdaq
SFTX,nyse
SFWL,nasdaq
SG,nyse
SGA,nasdaq
SGC,nasdaq
SGHC,nyse
SGHT,nasdaq
SGI,nyse
SGLY,nasdaq
SGML,nasdaq
SGMT,nasdaq
SGP,nasdaq
SGRP,nasdaq
SGRT,nyse
SGRW,nyse
SGRY,nasdaq
SGU,nyse
SGVT,nyse
SHAK,nyse
SHAZ,nasdaq
SHBI,nasdaq
SHC,nasdaq
SHEH,nyse
SHEL,nyse
SHEN,nasdaq
SHFS,nasdaq
SHFSW,nasdaq
SHG,nyse
SHIM,nasdaq
SHIP,nasdaq
SHLS,nasdaq
SHMD,nasdaq
SHMDW,nasdaq
SHNY,nyse
SHO,nyse
SHO-PH,nyse
SHO-PI,nyse
SHOO,nasdaq
SHOP,nasdaq
SHPH,nasdaq
SHW,nyse
SHYM,nyse
SI,nyse
SIBN,nasdaq
SID,nyse
SIDU,nasdaq
SIEB,nasdaq
SIF,nysemkt
SIFY,nasdaq
SIG,nyse
SIGA,nasdaq
SIGI,nasdaq
SIGIP,nasdaq
SII,nyse
SILA,nyse
SILC,nasdaq
SILO,nasdaq
SIMA,nasdaq
SIMAW,nasdaq
SIMO,nasdaq
SINT,nasdaq
SION,nasdaq
SIOO,nyse
SIRI,nasdaq
SITC,nyse
SITE,nyse
SITM,nasdaq
SIXD,nyse
SIXZ,nyse
SJ,nasdaq
SJM,nyse
SJT,nyse
SKE,nyse
SKIL,nyse
SKIN,nasdaq
SKK,nasdaq
SKLZ,nyse
SKM,nyse
SKT,nyse
SKWD,nasdaq
SKY,nyse
SKYE,nasdaq
SKYH,nysemkt
SKYQ,nasdaq
SKYT,nasdaq
SKYW,nasdaq
SKYX,nasdaq
SLAB,nasdaq
SLAI,nyse
SLB,nyse
SLDB,nasdaq
SLDE,nasdaq
SLDP,nasdaq
SLDPW,nasdaq
SLDR,nyse
SLE,nasdaq
SLF,nyse
SLG,nyse
SLG-PI,nyse
SLGB,nasdaq
SLGL,nasdaq
SLGN,nyse
SLI,nysemkt
SLJY,nyse
SLM,nasdaq
SLMBP,nasdaq
SLMT,nasdaq
SLN,nasdaq
SLND,nysemkt
SLNG,nasdaq
SLNH,nasdaq
SLNHP,nasdaq
SLNZ,nyse
SLON,nyse
SLP,nasdaq
SLQT,nyse
SLRC,nasdaq
SLS,nasdaq
SLSN,nasdaq
SLSR,nysemkt
SLTY,nyse
SLVM,nyse
SLVX,nyse
SLXN,nasdaq
SLXNW,nasdaq
SM,nyse
SMA,nyse
SMAX,nyse
SMBC,nasdaq
SMBK,nyse
SMBS,nyse
SMC,nyse
SMCI,nasdaq
SMCP,nyse
SMCY,nyse
SMFG,nyse
SMG,nyse
SMHI,nyse
SMID,nasdaq
SMJF,nysemkt
SMLL,nyse
SMMT,nasdaq
SMOM,nasdaq
SMOX,nyse
SMP,nyse
SMPL,nasdaq
SMR,nyse
SMRF,nyse
SMRT,nyse
SMSI,nasdaq
SMTC,nasdaq
SMTI,nasdaq
SMTK,nasdaq
SMU,nyse
SMWB,nyse
SMX,nasdaq
SMXT,nasdaq
SMXWW,nasdaq
SMYY,nasdaq
SN,nyse
SNA,nyse
SNAG,nasdaq
SNAL,nasdaq
SNAP,nyse
SNBR,nasdaq
SND,nasdaq
SNDA,nyse
SNDK,nasdaq
SNDL,nasdaq
SNDR,nyse
SNDX,nasdaq
SNES,nasdaq
SNEX,nasdaq
SNFCA,nasdaq
SNGX,nasdaq
SNN,nyse
SNOA,nasdaq
SNOW,nyse
SNOY,nyse
SNPS,nasdaq
SNSE,nasdaq
SNT,nasdaq
SNTG,nasdaq
SNTH,nyse
SNTI,nasdaq
SNWV,nasdaq
SNX,nyse
SNY,nasdaq
SNYR,nasdaq
SO,nyse
SOAR,nysemkt
SOBO,nyse
SOBR,nasdaq
SOC,nyse
SOCA,nasdaq
SOCAU,nasdaq
SOFA,nasdaq
SOFI,nasdaq
SOFR,nyse
SOGP,nasdaq
SOHOB,nasdaq
SOHON,nasdaq
SOHOO,nasdaq
SOHU,nasdaq
SOJC,nyse
SOJD,nyse
SOJE,nyse
SOJF,nyse
SOLC,nasdaq
SOLS,nasdaq
SOLV,nyse
SON,nyse
SONM,nasdaq
SONO,nasdaq
SONY,nyse
SOPH,nasdaq
SOR,nyse
SORA,nasdaq
SORN,nasdaq
SORNU,nasdaq
SOS,nyse
SOTK,nasdaq
SOUL,nyse
SOUN,nasdaq
SOUNW,nasdaq
SOWG,nasdaq
SOXY,nyse
SPAI,nasdaq
SPB,nyse
SPBW,nyse
SPBX,nyse
SPCB,nasdaq
SPCE,nyse
SPCK,nasdaq
SPCL,nyse
SPCT,nasdaq
SPE,nyse
SPE-PC,nyse
SPEG,nasdaq
SPFI,nasdaq
SPG,nyse
SPG-PJ,nyse
SPGI,nyse
SPH,nyse
SPHL,nasdaq
SPHR,nyse
SPIN,nyse
SPIR,nyse
SPIT,nasdaq
SPKL,nasdaq
SPKLU,nasdaq
SPKLW,nasdaq
SPMA,nyse
SPMC,nyse
SPNT,nyse
SPOG,nasdaq
SPOK,nasdaq
SPOT,nyse
SPPL,nasdaq
SPPP,nyse
SPRB,nasdaq
SPRC,nasdaq
SPRO,nasdaq
SPRU,nyse
SPRY,nasdaq
SPSC,nasdaq
SPT,nasdaq
SPTB,nyse
SPTX,nasdaq
SPUT,nyse
SPWH,nasdaq
SPWR,nasdaq
SPWRW,nasdaq
SPXC,nyse
SPXX,nyse
SPYM,nyse
SPYU,nyse
SQFT,nasdaq
SQFTP,nasdaq
SQFTW,nasdaq
SQM,nyse
SQMX,nyse
SQNS,nyse
SQS,nasdaq
SR,nyse
SRAD,nasdaq
SRBK,nasdaq
SRCE,nasdaq
SRE,nyse
SREA,nyse
SRFM,nyse
SRG,nyse
SRG-PA,nyse
SRI,nyse
SRL,nyse
SRPT,nasdaq
SRRK,nasdaq
SRTA,nasdaq
SRTS,nasdaq
SRV,nyse
SRXH,nysemkt
SRZN,nasdaq
SSAC,nasdaq
SSACU,nasdaq
SSB,nyse
SSBI,nasdaq
SSCP,nyse
SSD,nyse
SSEA,nasdaq
SSEAU,nasdaq
SSII,nasdaq
SSK,nyse
SSL,nyse
SSM,nasdaq
SSNC,nasdaq
SSP,nasdaq
SSRM,nasdaq
SSS,nasdaq
SSSS,nasdaq
SSSSL,nasdaq
SST,nyse
SSTI,nasdaq
SSTK,nyse
SSYS,nasdaq
ST,nyse
STAA,nasdaq
STAG,nyse
STAK,nasdaq
STBA,nasdaq
STBF,nyse
STBQ,nyse
STC,nyse
STE,nyse
STEL,nyse
STEM,nyse
STEP,nasdaq
STEW,nyse
STEX,nasdaq
STFS,nasdaq
STG,nyse
STGW,nasdaq
STHH,nyse
STHO,nasdaq
STI,nasdaq
STIM,nasdaq
STK,nyse
STKE,nasdaq
STKH,nasdaq
STKL,nasdaq
STKS,nasdaq
STLA,nyse
STLD,nasdaq
STM,nyse
STN,nyse
STNE,nasdaq
STNG,nyse
STOK,nasdaq
STRA,nasdaq
STRC,nasdaq
STRD,nasdaq
STRF,nasdaq
STRK,nasdaq
STRL,nasdaq
STRN,nyse
STRO,nasdaq
STRR,nasdaq
STRRP,nasdaq
STRS,nasdaq
STRT,nasdaq
STRW,nysemkt
STRZ,nasdaq
STSS,nasdaq
STSSW,nasdaq
STT,nyse
STT-PG,nyse
STTK,nasdaq
STUB,nyse
STVN,nyse
STWD,nyse
STX,nasdaq
STXS,nysemkt
STZ,nyse
SU,nyse
SUGP,nasdaq
SUI,nyse
SUIG,nasdaq
SUIS,nasdaq
SUJA,nasdaq
SUMA,nasdaq
SUN,nyse
SUNB,nyse
SUNE,nasdaq
SUNS,nasdaq
SUPN,nasdaq
SUPV,nyse
SUPX,nasdaq
SURG,nasdaq
SUZ,nyse
SVAC,nasdaq
SVACU,nasdaq
SVACW,nasdaq
SVAQ,nasdaq
SVAQU,nasdaq
SVC,nasdaq
SVCO,nasdaq
SVIV,nasdaq
SVM,nysemkt
SVRA,nasdaq
SVRE,nasdaq
SVRN,nasdaq
SVV,nyse
SW,nyse
SWAG,nasdaq
SWBI,nasdaq
SWIM,nasdaq
SWK,nyse
SWKHL,nasdaq
SWKS,nasdaq
SWMR,nasdaq
SWVL,nasdaq
SWVLW,nasdaq
SWX,nyse
SWZ,nyse
SXC,nyse
SXI,nyse
SXT,nyse
SXTC,nasdaq
SXTP,nasdaq
SXTPW,nasdaq
SY,nasdaq
SYBT,nasdaq
SYF,nyse
SYF-PA,nyse
SYF-PB,nyse
SYFI,nyse
SYK,nyse
SYM,nasdaq
SYNA,nasdaq
SYNX,nysemkt
SYPR,nasdaq
SYRE,nasdaq
SYSB,nyse
SYY,nyse
SYZ,nasdaq
SZZL,nasdaq
T,nyse
T-PA,nyse
T-PC,nyse
TABD,nyse
TAC,nyse
TACH,nasdaq
TACHU,nasdaq
TACHW,nasdaq
TACN,nyse
TACO,nasdaq
TACOU,nasdaq
TACOW,nasdaq
TACT,nasdaq
TAK,nyse
TAL,nyse
TALK,nasdaq
TALKW,nasdaq
TALO,nyse
TALV,nyse
TANH,nasdaq
TAOP,nasdaq
TAOX,nasdaq
TAOZ,nasdaq
TAP,nyse
TAP-A,nyse
TARA,nasdaq
TARS,nasdaq
TASK,nasdaq
TATT,nasdaq
TAVI,nasdaq
TAVIU,nasdaq
TAXM,nyse
TAYD,nasdaq
TBB,nyse
TBBB,nyse
TBBK,nasdaq
TBCH,nasdaq
TBH,nasdaq
TBHC,nasdaq
TBI,nyse
TBLA,nasdaq
TBLAW,nasdaq
TBLD,nasdaq
TBLU,nyse
TBN,nyse
TBPH,nasdaq
TBRG,nasdaq
TBXU,nyse
TC,nasdaq
TCAI,nyse
TCAN,nasdaq
TCBI,nasdaq
TCBIO,nasdaq
TCBK,nasdaq
TCBS,nasdaq
TCBX,nasdaq
TCI,nyse
TCMD,nasdaq
TCOM,nasdaq
TCPB,nyse
TCPC,nasdaq
TCRT,nasdaq
TCRX,nasdaq
TCV,nyse
TCX,nasdaq
TD,nyse
TDAC,nasdaq
TDACW,nasdaq
TDAY,nyse
TDC,nyse
TDEC,nyse
TDF,nyse
TDG,nyse
TDI,nasdaq
TDIC,nasdaq
TDOC,nyse
TDOG,nasdaq
TDOT,nasdaq
TDS,nyse
TDS-PU,nyse
TDS-PV,nyse
TDTH,nasdaq
TDUP,nasdaq
TDW,nyse
TDWD,nasdaq
TDWDU,nasdaq
TDY,nyse
TE,nyse
TEAD,nasdaq
TEAM,nasdaq
TEC,nyse
TECH,nasdaq
TECK,nyse
TECX,nasdaq
TECY,nasdaq
TEI,nyse
TEK,nyse
TEL,nyse
TELA,nasdaq
TELO,nasdaq
TEM,nasdaq
TEMD,nyse
TEMR,nyse
TEN,nyse
TEN-PE,nyse
TEN-PF,nyse
TENB,nasdaq
TENM,nyse
TENX,nasdaq
TEO,nyse
TER,nasdaq
TERG,nasdaq
TERN,nasdaq
TESL,nyse
TETH,nyse
TEVA,nyse
TEX,nyse
TEXU,nyse
TEXX,nasdaq
TFC,nyse
TFC-PI,nyse
TFC-PO,nyse
TFC-PR,nyse
TFFI,nyse
TFGZ,nasdaq
TFII,nyse
TFIN,nyse
TFPM,nyse
TFSL,nasdaq
TFX,nyse
TG,nyse
TGB,nysemkt
TGE,nyse
TGEN,nysemkt
TGHL,nasdaq
TGL,nasdaq
TGLB,nyse
TGLS,nyse
TGS,nyse
TGT,nyse
TGTX,nasdaq
TH,nasdaq
THC,nyse
THCH,nasdaq
THFF,nasdaq
THG,nyse
THH,nasdaq
THIR,nyse
THM,nysemkt
THNR,nyse
THO,nyse
THQ,nyse
THR,nyse
THRM,nasdaq
THRO,nyse
THRV,nasdaq
THRY,nasdaq
THW,nyse
THYM,nasdaq
THYP,nasdaq
TIC,nyse
TIER,nyse
TIGO,nasdaq
TIGR,nasdaq
TIIV,nyse
TIL,nasdaq
TILE,nasdaq
TIMB,nyse
TIPB,nyse
TIPC,nyse
TIPT,nasdaq
TISI,nyse
TITN,nasdaq
TJAN,nyse
TJGC,nasdaq
TJX,nyse
TK,nyse
TKC,nyse
TKLF,nasdaq
TKNO,nasdaq
TKNQ,nyse
TKNS,nasdaq
TKO,nyse
TKR,nyse
TLA,nasdaq
TLCI,nyse
TLF,nasdaq
TLG,nasdaq
TLIH,nasdaq
TLK,nyse
TLN,nasdaq
TLNC,nasdaq
TLNCW,nasdaq
TLPH,nasdaq
TLRY,nasdaq
TLS,nasdaq
TLSA,nasdaq
TLSI,nasdaq
TLSIW,nasdaq
TLTI,nyse
TLTP,nyse
TLX,nasdaq
TLYS,nyse
TM,nyse
TMC,nasdaq
TMCI,nasdaq
TMCR,nasdaq
TMCWW,nasdaq
TMDE,nysemkt
TMDX,nasdaq
TME,nyse
TMH,nyse
TMHC,nyse
TMLP,nyse
TMNL,nasdaq
TMNS,nasdaq
TMO,nyse
TMP,nysemkt
TMQ,nysemkt
TMSF,nasdaq
TMTS,nasdaq
TMTSU,nasdaq
TMUS,nasdaq
TMUSI,nasdaq
TMUSL,nasdaq
TMUSZ,nasdaq
TMVE,nyse
TMYY,nasdaq
TNC,nyse
TNDM,nasdaq
TNET,nyse
TNGX,nasdaq
TNGY,nyse
TNK,nyse
TNL,nyse
TNMG,nasdaq
TNON,nasdaq
TNONW,nasdaq
TNUK,nyse
TNXP,nasdaq
TNXT,nasdaq
TNYA,nasdaq
TOAK,nyse
TOAO,nyse
TOGA,nyse
TOI,nasdaq
TOIIW,nasdaq
TOL,nyse
TOMZ,nasdaq
TONX,nasdaq
TOON,nysemkt
TOP,nasdaq
TOPC,nyse
TOPP,nysemkt
TOPS,nysemkt
TOPT,nyse
TORO,nasdaq
TOS,nyse
TOST,nyse
TOT,nyse
TOUR,nasdaq
TOV,nyse
TOVX,nysemkt
TOWN,nasdaq
TOYO,nasdaq
TPB,nyse
TPC,nyse
TPCS,nasdaq
TPET,nysemkt
TPG,nasdaq
TPGXL,nasdaq
TPH,nyse
TPL,nyse
TPR,nyse
TPRY,nyse
TPST,nasdaq
TPTA,nyse
TPVG,nyse
TPZ,nyse
TR,nyse
TRAK,nyse
TRAW,nasdaq
TRAX,nasdaq
TRBF,nasdaq
TRC,nyse
TRDA,nasdaq
TREE,nasdaq
TREX,nyse
TRGP,nyse
TRGS,nasdaq
TRGSU,nasdaq
TRI,nasdaq
TRIB,nasdaq
TRIN,nasdaq
TRINI,nasdaq
TRINZ,nasdaq
TRIP,nasdaq
TRMB,nasdaq
TRMD,nasdaq
TRMK,nasdaq
TRN,nyse
TRNO,nyse
TRNR,nasdaq
TRNS,nasdaq
TRON,nasdaq
TROO,nasdaq
TROW,nasdaq
TROX,nyse
TRP,nyse
TRS,nasdaq
TRSG,nasdaq
TRST,nasdaq
TRSY,nyse
TRT,nysemkt
TRTN-PA,nyse
TRTN-PB,nyse
TRTN-PC,nyse
TRTN-PD,nyse
TRTN-PE,nyse
TRTN-PF,nyse
TRTX,nyse
TRTX-PC,nyse
TRU,nyse
TRUC,nasdaq
TRUF,nasdaq
TRUG,nasdaq
TRUH,nasdaq
TRUP,nasdaq
TRV,nyse
TRVG,nasdaq
TRVI,nasdaq
TRX,nysemkt
TS,nyse
TSAT,nasdaq
TSBK,nasdaq
TSCM,nasdaq
TSCO,nasdaq
TSCV,nyse
TSEM,nasdaq
TSEP,nyse
TSES,nyse
TSHA,nasdaq
TSI,nyse
TSIC,nyse
TSLA,nasdaq
TSLI,nyse
TSLW,nyse
TSLX,nyse
TSM,nyse
TSMY,nyse
TSN,nyse
TSNF,nyse
TSQ,nyse
TSRS,nyse
TSSD,nyse
TSSI,nasdaq
TSUI,nasdaq
TSXD,nyse
TSXU,nyse
TSYX,nasdaq
TT,nyse
TTAM,nyse
TTAN,nasdaq
TTC,nyse
TTD,nasdaq
TTE,nyse
TTEC,nasdaq
TTEK,nasdaq
TTGT,nasdaq
TTI,nyse
TTMI,nasdaq
TTRX,nasdaq
TTWO,nasdaq
TTXD,nyse
TTXU,nyse
TU,nyse
TULP,nasdaq
TURB,nasdaq
TUSB,nyse
TUSK,nasdaq
TUYA,nyse
TV,nyse
TVA,nasdaq
TVACU,nasdaq
TVACW,nasdaq
TVAI,nasdaq
TVAIU,nasdaq
TVC,nyse
TVE,nyse
TVGN,nasdaq
TVGNW,nasdaq
TVRD,nasdaq
TVTX,nasdaq
TW,nasdaq
TWAV,nasdaq
TWFG,nasdaq
TWG,nasdaq
TWI,nyse
TWIN,nasdaq
TWLO,nyse
TWLV,nasdaq
TWLVU,nasdaq
TWN,nyse
TWO,nyse
TWO-PA,nyse
TWO-PB,nyse
TWO-PC,nyse
TWOX,nyse
TWST,nasdaq
TX,nyse
TXG,nasdaq
TXMD,nasdaq
TXN,nasdaq
TXNM,nyse
TXNU,nyse
TXO,nyse
TXRH,nasdaq
TXT,nyse
TXXD,nasdaq
TXXH,nasdaq
TXXI,nyse
TXXS,nasdaq
TY,nyse
TYG,nyse
TYGO,nasdaq
TYL,nyse
TYRA,nasdaq
TYYY,nyse
TZOO,nasdaq
U,nyse
UA,nyse
UAA,nyse
UAC,nysemkt
UAL,nasdaq
UAMY,nysemkt
UAN,nyse
UAVS,nysemkt
UBCP,nasdaq
UBER,nyse
UBS,nyse
UBSI,nasdaq
UBXG,nasdaq
UCAR,nasdaq
UCB,nasdaq
UCL,nasdaq
UCTT,nasdaq
UDR,nyse
UE,nyse
UEC,nysemkt
UECG,nasdaq
UEIC,nasdaq
UFCS,nasdaq
UFG,nasdaq
UFI,nyse
UFOX,nasdaq
UFPI,nasdaq
UFPT,nasdaq
UG,nasdaq
UGI,nyse
UGP,nyse
UGRO,nasdaq
UHAL,nyse
UHAL-B,nyse
UHG,nasdaq
UHGWW,nasdaq
UHS,nyse
UHT,nyse
UI,nyse
UIS,nyse
UIVM,nasdaq
UK,nasdaq
UL,nyse
ULBI,nasdaq
ULCC,nasdaq
ULH,nasdaq
ULS,nyse
ULTA,nasdaq
ULTI,nasdaq
ULVM,nasdaq
ULYX,nasdaq
UMAC,nysemkt
UMBF,nasdaq
UMBFO,nasdaq
UMC,nyse
UMH,nyse
UMH-PD,nyse
UNB,nasdaq
UNCY,nasdaq
UNF,nyse
UNFI,nyse
UNH,nyse
UNHU,nyse
UNIT,nasdaq
UNM,nyse
UNMA,nyse
UNP,nyse
UNTY,nasdaq
UNX,nyse
UONE,nasdaq
UONEK,nasdaq
UP,nyse
UPB,nasdaq
UPBD,nasdaq
UPC,nasdaq
UPLD,nasdaq
UPS,nyse
UPSD,nyse
UPSG,nasdaq
UPST,nasdaq
UPWK,nasdaq
UPXI,nasdaq
URAA,nyse
URAN,nyse
URBN,nasdaq
URG,nysemkt
URGN,nasdaq
URI,nyse
UROY,nasdaq
URSP,nyse
USA,nyse
USAC,nyse
USAR,nasdaq
USAS,nysemkt
USAU,nasdaq
USB,nyse
USB-PA,nyse
USB-PH,nyse
USB-PP,nyse
USB-PQ,nyse
USB-PR,nyse
USB-PS,nyse
USCB,nasdaq
USEA,nasdaq
USEG,nasdaq
USFD,nyse
USFE,nyse
USGG,nasdaq
USGO,nasdaq
USIO,nasdaq
USLM,nasdaq
USLN,nyse
USMD,nyse
USNA,nyse
USNG,nyse
USOI,nasdaq
USPH,nyse
UTF,nyse
UTG,nysemkt
UTHR,nasdaq
UTI,nyse
UTL,nyse
UTMD,nasdaq
UTSI,nasdaq
UTZ,nyse
UUU,nysemkt
UUUG,nasdaq
UUUU,nysemkt
UVE,nyse
UVSP,nasdaq
UVV,nyse
UWMC,nyse
UX,nyse
UXIN,nasdaq
UXJA,nyse
UXOC,nyse
UXRP,nyse
UYSC,nasdaq
UYSCU,nasdaq
UZD,nyse
UZE,nyse
UZF,nyse
V,nyse
VABK,nasdaq
VAC,nyse
VACH,nasdaq
VACHW,nasdaq
VACI,nyse
VAIE,nyse
VAL,nyse
VALE,nyse
VALG,nasdaq
VALN,nasdaq
VALU,nasdaq
VANI,nasdaq
VATE,nyse
VAVX,nasdaq
VBCA,nasdaq
VBCB,nasdaq
VBCC,nasdaq
VBCD,nasdaq
VBCE,nasdaq
VBCF,nasdaq
VBCG,nasdaq
VBCH,nasdaq
VBCI,nasdaq
VBCJ,nasdaq
VBF,nyse
VBIO,nasdaq
VBNK,nasdaq
VC,nasdaq
VCEL,nasdaq
VCIG,nasdaq
VCRM,nyse
VCTR,nasdaq
VCV,nyse
VCX,nyse
VCYT,nasdaq
VECO,nasdaq
VEEA,nasdaq
VEEAW,nasdaq
VEEE,nasdaq
VEEV,nyse
VEFA,nasdaq
VEL,nyse
VELO,nasdaq
VEM,nyse
VENU,nysemkt
VEON,nasdaq
VERA,nasdaq
VERI,nasdaq
VERU,nasdaq
VERX,nasdaq
VET,nyse
VEXC,nyse
VFC,nyse
VFF,nasdaq
VFL,nysemkt
VFS,nasdaq
VFSWW,nasdaq
VG,nyse
VGAS,nasdaq
VGASW,nasdaq
VGI,nyse
VGM,nyse
VGRO,nyse
VGVT,nyse
VGZ,nysemkt
VHC,nasdaq
VHCP,nasdaq
VHI,nyse
VHUB,nasdaq
VIA,nyse
VIASP,nasdaq
VIAV,nasdaq
VICI,nyse
VICR,nasdaq
VIK,nyse
VINP,nasdaq
VIOT,nasdaq
VIPS,nyse
VIR,nasdaq
VIRC,nasdaq
VIRT,nyse
VISN,nasdaq
VIST,nyse
VITL,nasdaq
VIV,nyse
VIVK,nasdaq
VIVO,nasdaq
VIVS,nasdaq
VKI,nysemkt
VKQ,nyse
VKTX,nasdaq
VLGEA,nasdaq
VLLU,nyse
VLN,nyse
VLO,nyse
VLRS,nyse
VLT,nyse
VLTO,nyse
VLY,nasdaq
VLYPN,nasdaq
VLYPO,nasdaq
VLYPP,nasdaq
VMAR,nasdaq
VMC,nyse
VMD,nasdaq
VMET,nasdaq
VMI,nyse
VMO,nyse
VNCE,nasdaq
VNDA,nasdaq
VNET,nasdaq
VNME,nasdaq
VNMEU,nasdaq
VNMEW,nasdaq
VNO,nyse
VNO-PL,nyse
VNO-PM,nyse
VNO-PN,nyse
VNO-PO,nyse
VNOM,nasdaq
VNRX,nysemkt
VNT,nyse
VNTG,nysemkt
VOC,nyse
VOD,nasdaq
VOR,nasdaq
VOXR,nasdaq
VOYA,nyse
VOYA-PB,nyse
VOYG,nyse
VPG,nyse
VPV,nyse
VPX,nyse
VRA,nasdaq
VRAX,nasdaq
VRCA,nasdaq
VRDN,nasdaq
VRE,nyse
VREX,nasdaq
VRM,nasdaq
VRME,nasdaq
VRNS,nasdaq
VRRM,nasdaq
VRSK,nasdaq
VRSN,nasdaq
VRT,nyse
VRTS,nyse
VRTX,nasdaq
VS,nasdaq
VSA,nasdaq
VSAT,nasdaq
VSCO,nyse
VSDM,nyse
VSEC,nasdaq
VSECU,nasdaq
VSEE,nasdaq
VSEEW,nasdaq
VSH,nyse
VSME,nasdaq
VSNT,nasdaq
VSOL,nasdaq
VST,nyse
VSTD,nasdaq
VSTM,nasdaq
VSTS,nyse
VTAK,nysemkt
VTEX,nyse
VTG,nyse
VTGN,nasdaq
VTIX,nasdaq
VTMX,nyse
VTN,nyse
VTOL,nyse
VTP,nyse
VTR,nyse
VTRS,nasdaq
VTS,nyse
VTSI,nasdaq
VTVT,nasdaq
VUZI,nasdaq
VVOS,nasdaq
VVR,nyse
VVV,nyse
VVX,nyse
VWAV,nasdaq
VWAVW,nasdaq
VYGR,nasdaq
VYLD,nyse
VYNE,nasdaq
VYX,nyse
VZ,nyse
VZLA,nysemkt
W,nyse
WAB,nyse
WABC,nasdaq
WAFD,nasdaq
WAFDP,nasdaq
WAFU,nasdaq
WAGN,nyse
WAI,nasdaq
WAL,nyse
WAL-PA,nyse
WALD,nasdaq
WAMA,nasdaq
WAR,nyse
WARP,nasdaq
WASH,nasdaq
WAT,nyse
WATT,nasdaq
WAVE,nasdaq
WAY,nasdaq
WB,nasdaq
WBD,nasdaq
WBI,nyse
WBS,nyse
WBS-PF,nyse
WBS-PG,nyse
WBTN,nasdaq
WBUY,nasdaq
WBX,nyse
WCAP,nyse
WCC,nyse
WCME,nyse
WCMI,nyse
WCN,nyse
WCPB,nyse
WCT,nasdaq
WD,nyse
WDAF,nasdaq
WDAI,nyse
WDAY,nasdaq
WDC,nasdaq
WDEF,nyse
WDFC,nasdaq
WDGF,nasdaq
WDH,nyse
WDI,nyse
WDS,nyse
WDTE,nyse
WEA,nyse
WEAV,nyse
WEC,nyse
WEEL,nyse
WELL,nyse
WEN,nasdaq
WENC,nyse
WENN,nasdaq
WEPN,nyse
WERN,nasdaq
WES,nyse
WEST,nasdaq
WETH,nasdaq
WETO,nasdaq
WEX,nyse
WEYS,nasdaq
WF,nyse
WFC,nyse
WFC-PA,nyse
WFC-PC,nyse
WFC-PD,nyse
WFC-PL,nyse
WFC-PY,nyse
WFC-PZ,nyse
WFCF,nasdaq
WFF,nasdaq
WFG,nyse
WFRD,nasdaq
WGO,nyse
WGRX,nasdaq
WGS,nasdaq
WGSWW,nasdaq
WH,nyse
WHD,nyse
WHF,nasdaq
WHFCL,nasdaq
WHG,nyse
WHLR,nasdaq
WHLRD,nasdaq
WHLRL,nasdaq
WHLRP,nasdaq
WHR,nyse
WHWK,nasdaq
WIA,nyse
WILC,nasdaq
WIMA,nasdaq
WIMI,nasdaq
WINA,nasdaq
WING,nasdaq
WISD,nyse
WIT,nyse
WIW,nyse
WIX,nasdaq
WK,nyse
WKC,nyse
WKEY,nasdaq
WKHS,nasdaq
WKSP,nasdaq
WLDN,nasdaq
WLDS,nasdaq
WLFC,nasdaq
WLII,nasdaq
WLIIU,nasdaq
WLK,nyse
WLKP,nyse
WLTH,nasdaq
WLY,nyse
WLYB,nyse
WM,nyse
WMB,nyse
WMG,nasdaq
WMK,nyse
WMS,nyse
WMT,nasdaq
WNC,nyse
WNEB,nasdaq
WNW,nasdaq
WOK,nasdaq
WOLF,nyse
WOOF,nasdaq
WOR,nyse
WORX,nasdaq
WPAC,nyse
WPC,nyse
WPM,nyse
WPP,nyse
WPRT,nasdaq
WRAP,nasdaq
WRB,nyse
WRB-PE,nyse
WRBY,nyse
WRD,nasdaq
WRLD,nasdaq
WRN,nysemkt
WRTH,nasdaq
WS,nyse
WSBC,nasdaq
WSBCO,nasdaq
WSBF,nasdaq
WSBK,nasdaq
WSC,nasdaq
WSDB,nyse
WSE,nasdaq
WSFS,nasdaq
WSGE,nasdaq
WSHP,nasdaq
WSM,nyse
WSO,nyse
WSR,nyse
WST,nyse
WSTN,nasdaq
WSTNU,nasdaq
WT,nyse
WTBA,nasdaq
WTF,nasdaq
WTFC,nasdaq
WTFCN,nasdaq
WTG,nasdaq
WTI,nyse
WTIB,nyse
WTID,nyse
WTIU,nyse
WTM,nyse
WTO,nasdaq
WTRG,nyse
WTS,nyse
WTTR,nyse
WTW,nasdaq
WU,nyse
WULF,nasdaq
WVE,nasdaq
WVVI,nasdaq
WVVIP,nasdaq
WW,nasdaq
WWD,nasdaq
WWR,nysemkt
WWW,nyse
WXET,nyse
WXM,nasdaq
WY,nyse
WYFI,nasdaq
WYHG,nasdaq
WYNN,nasdaq
WYY,nysemkt
XAIR,nasdaq
XAPR,nyse
XBCI,nasdaq
XBFR,nyse
XBIO,nasdaq
XBIT,nasdaq
XBP,nasdaq
XBPEW,nasdaq
XCH,nasdaq
XCHG,nyse
XCUR,nasdaq
XDEF,nasdaq
XE,nasdaq
XEL,nasdaq
XELB,nasdaq
XELLL,nasdaq
XENE,nasdaq
XERS,nasdaq
XEY,nasdaq
XFLH,nyse
XFLT,nyse
XFOR,nasdaq
XGN,nasdaq
XHG,nasdaq
XHLD,nasdaq
XHR,nyse
XIFR,nyse
XIJN,nyse
XLBI,nyse
XLCI,nyse
XLEI,nyse
XLFI,nyse
XLII,nyse
XLKI,nyse
XLO,nasdaq
XLRI,nyse
XLSI,nyse
XLUI,nyse
XLVI,nyse
XLYI,nyse
XMAY,nyse
XMTR,nasdaq
XNCR,nasdaq
XNDU,nasdaq
XNET,nasdaq
XOEF,nyse
XOEX,nyse
XOM,nyse
XOMA,nasdaq
XOMAO,nasdaq
XOMAP,nasdaq
XOS,nasdaq
XOSWW,nasdaq
XP,nasdaq
XPEG,nasdaq
XPEL,nasdaq
XPER,nyse
XPEV,nyse
XPL,nysemkt
XPO,nyse
XPOF,nyse
XPON,nasdaq
XPRO,nyse
XQQI,nasdaq
XRAY,nasdaq
XRN,nyse
XRPC,nasdaq
XRPN,nasdaq
XRPNU,nasdaq
XRPNW,nasdaq
XRTX,nasdaq
XRX,nasdaq
XSLL,nasdaq
XSLLU,nasdaq
XSPI,nasdaq
XTIA,nasdaq
XTLB,nasdaq
XTNT,nysemkt
XV,nyse
XWEL,nasdaq
XXI,nyse
XXII,nasdaq
XXRP,nyse
XXX,nasdaq
XYF,nyse
XYL,nyse
XYZ,nyse
XZO,nyse
YAAS,nasdaq
YALA,nyse
YB,nasdaq
YBIT,nyse
YBMN,nasdaq
YBST,nasdaq
YBTY,nasdaq
YCBD,nysemkt
YCY,nyse
YDDL,nasdaq
YDES,nasdaq
YDESW,nasdaq
YDKG,nasdaq
YELP,nyse
YETH,nyse
YETI,nyse
YEXT,nyse
YFFI,nyse
YFYA,nyse
YGLD,nyse
YHC,nasdaq
YHGJ,nasdaq
YI,nasdaq
YIBO,nasdaq
YJ,nasdaq
YLDW,nyse
YMAT,nasdaq
YMM,nyse
YMT,nasdaq
YOOV,nasdaq
YORW,nasdaq
YOU,nyse
YOUL,nasdaq
YPF,nyse
YQ,nasdaq
YRD,nyse
YSG,nyse
YSS,nyse
YSWY,nasdaq
YSXT,nasdaq
YTRA,nasdaq
YUM,nyse
YUMC,nyse
YXT,nasdaq
YYAI,nasdaq
YYGH,nasdaq
YYYM,nyse
Z,nasdaq
ZAUG,nyse
ZBAO,nasdaq
ZBH,nyse
ZBIO,nasdaq
ZBRA,nasdaq
ZCBF,nyse
ZCBG,nyse
ZCMD,nasdaq
ZD,nasdaq
ZDAI,nasdaq
ZDEK,nyse
ZDGE,nysemkt
ZENA,nasdaq
ZENVF,nasdaq
ZEO,nasdaq
ZEOWW,nasdaq
ZEPP,nyse
ZETA,nyse
ZETX,nyse
ZFEB,nyse
ZG,nasdaq
ZGN,nyse
ZH,nyse
ZHOG,nasdaq
ZIM,nyse
ZION,nasdaq
ZIONP,nasdaq
ZIP,nyse
ZJAN,nyse
ZJK,nasdaq
ZJUL,nyse
ZJYL,nasdaq
ZKH,nyse
ZKIN,nasdaq
ZLAB,nasdaq
ZM,nasdaq
ZMUN,nasdaq
ZNB,nasdaq
ZNOV,nyse
ZNTL,nasdaq
ZOCT,nyse
ZONE,nysemkt
ZOOZ,nasdaq
ZOOZW,nasdaq
ZS,nasdaq
ZSEP,nyse
ZSPC,nasdaq
ZSQR,nasdaq
ZSTK,nasdaq
ZTEK,nasdaq
ZTG,nasdaq
ZTO,nyse
ZTR,nyse
ZTS,nyse
ZUMZ,nasdaq
ZURA,nasdaq
ZVIA,nyse
ZVOL,nyse
ZVRA,nasdaq
ZWS,nyse
ZYBT,nasdaq
ZYME,nasdaq
ABNY,nyse
ABVE,nasdaq
ABVEW,nasdaq
ACAA,nasdaq
ACAAU,nasdaq
AEVAW,nasdaq
AGAE,nasdaq
AGH,nasdaq
ALCY,nasdaq
ALCYW,nasdaq
ALDFU,nasdaq
ALDFW,nasdaq
ALISU,nasdaq
ALOV,nasdaq
ALRG,nyse
ALVOW,nasdaq
AMWD,nasdaq
ANSC,nasdaq
ANSCW,nasdaq
ARTCU,nasdaq
ASRT,nasdaq
ASTL,nasdaq
ATIIU,nasdaq
BAYA,nasdaq
BBCQU,nasdaq
BCGS,nyse
BCGWW,nasdaq
BCKT,nyse
BDCIW,nasdaq
BDMDW,nasdaq
BEAGU,nasdaq
BFAP,nyse
BFXU,nyse
BHAVU,nasdaq
BK,nyse
BLUWU,nasdaq
BLZRW,nasdaq
BPAC,nasdaq
BREZU,nasdaq
BTM,nasdaq
BTMWW,nasdaq
BU,nasdaq
CCLDO,nasdaq
CHECU,nasdaq
CMIIU,nasdaq
CMU,nyse
CRACU,nasdaq
CRACW,nasdaq
CTRA,nyse
CUK,nyse
DBSC,nasdaq
DNMXU,nasdaq
DTSTW,nasdaq
ESHA,nasdaq
FCO,nysemkt
FONR,nasdaq
FTAIN,nasdaq
FUFUW,nasdaq
GOCO,nasdaq
GOVM,nyse
GPACU,nasdaq
GPATU,nasdaq
GPATW,nasdaq
GSHRU,nasdaq
GSRFR,nasdaq
GSRVU,nasdaq
GTENU,nasdaq
GTERU,nasdaq
HACQU,nasdaq
HAVAU,nasdaq
HBRD,nyse
HCACU,nasdaq
HCHL,nasdaq
HVIIU,nasdaq
IAC,nasdaq
IACOU,nasdaq
IEAGU,nasdaq
IGACR,nasdaq
IGCB,nyse
IINN,nasdaq
IINNW,nasdaq
ILLUU,nasdaq
INACU,nasdaq
INHD,nasdaq
IPOD,nasdaq
IPODW,nasdaq
IRS-WS,nyse
JDZG,nasdaq
JENA,nyse
JIDE,nyse
KALV,nasdaq
KFS,nyse
KPLTW,nasdaq
KZR,nasdaq
LGCB,nasdaq
LIFT,nyse
LIMI,nyse
LIMNW,nasdaq
LWAC,nasdaq
MACI,nasdaq
MACIU,nasdaq
MASI,nasdaq
MEVOU,nasdaq
MLAC,nasdaq
NEWTO,nasdaq
NHICU,nasdaq
NHIVU,nasdaq
NISM,nyse
NITE,nyse
NMP,nasdaq
NMPAU,nasdaq
NOEMU,nasdaq
NOTV,nasdaq
NPACW,nasdaq
NRXPW,nasdaq
NVAWW,nasdaq
NXPLW,nasdaq
OTH,nysemkt
OUSTZ,nasdaq
OYSER,nasdaq
PAAC,nasdaq
PAACU,nasdaq
PACHU,nasdaq
PACHW,nasdaq
PALOU,nasdaq
PLMKU,nasdaq
PMFB,nyse
PMJA,nyse
PMTRU,nasdaq
POLEW,nasdaq
PONO,nasdaq
PRTC,nasdaq
PTORU,nasdaq
QADRU,nasdaq
QFHD,nyse
QFRD,nyse
QHUOD,nasdaq
QSEAU,nasdaq
QSIAW,nasdaq
QUMS,nasdaq
RAAQU,nasdaq
RANG,nasdaq
RCLY,nyse
RDACU,nasdaq
RDAGU,nasdaq
RZB,nyse
SATS,nasdaq
SBXE,nyse
SCIIU,nasdaq
SCLS,nasdaq
SCLXW,nasdaq
SCUB,nyse
SCVL,nasdaq
SGMO,nasdaq
SIM,nysemkt
SIMAU,nasdaq
SKBL,nasdaq
SLNO,nasdaq
SMAP,nyse
SNCY,nasdaq
SOCAW,nasdaq
SOPA,nasdaq
SRTAW,nasdaq
SRZNW,nasdaq
SUMAU,nasdaq
SUUN,nasdaq
SVCC,nasdaq
SVCCW,nasdaq
SVIVU,nasdaq
SZZLU,nasdaq
TLNCU,nasdaq
TROT,nyse
UDMY,nasdaq
USGOW,nasdaq
VACHU,nasdaq
VHCPU,nasdaq
VLN-WS,nyse
WENNU,nasdaq
WENNW,nasdaq
WLAC,nasdaq
WLACU,nasdaq
WLACW,nasdaq
WSO-B,nyse
XCBE,nasdaq
XCBEU,nasdaq
XWIN,nasdaq
YHNA,nasdaq
YHNAU,nasdaq
ZBAI,nasdaq
ZCBC,nyse
ZKP,nasdaq
ZKPU,nasdaq
